0, 207.9482,  -8.2605, 198.8216,
1, 206.3586,  -8.2597, 201.7745,
2, 204.7534,  -8.2578, 204.7313,
3, 203.1299,  -8.2520, 207.6906,
4, 201.4874,  -8.2405, 210.6519,
5, 199.8245,  -8.2220, 213.6142,
6, 198.1410,  -8.1977, 216.5763,
7, 196.4361,  -8.1708, 219.5374,
8, 194.7077,  -8.1401, 222.4963,
9,   4.8498,  -7.3552, 213.1515,
10,   4.3762,  -7.2943, 210.4238,
11,   3.9041,  -7.2310, 207.6804,
12,   3.4298,  -7.1668, 204.9226,
13,   2.9496,  -7.1036, 202.1514,
14,   2.4588,  -7.0412, 199.3674,
15,   1.9549,  -6.9794, 196.5711,
16,   1.4338,  -6.9176, 193.7637,
17,   0.8915,  -6.8535, 190.9458,
18,   0.3216,  -6.7856, 188.1198,
19,  -0.2765,  -6.7159, 185.3000,
20,  -0.9001,  -6.6474, 182.5099,
21,  -1.5456,  -6.5812, 179.7744,
22,  -2.2083,  -6.5182, 177.1058,
23,  -2.8933,  -6.4597, 174.4852,
24,  -3.6174,  -6.4001, 171.8881,
25,  -4.3871,  -6.3363, 169.3218,
26,  -5.2010,  -6.2679, 166.7958,
27,  -6.0524,  -6.1957, 164.3177,
28,  -6.9337,  -6.1234, 161.9041,
29,  -7.8560,  -6.0540, 159.5365,
30,  -8.8189,  -5.9838, 157.2028,
31,  -9.8364,  -5.9113, 154.9099,
32, -10.9051,  -5.8382, 152.6530,
33, -12.0242,  -5.7643, 150.4316,
34, -13.1978,  -5.6885, 148.2440,
35, -14.4302,  -5.6119, 146.0939,
36, -15.7141,  -5.5347, 143.9907,
37, -17.0453,  -5.4561, 141.9397,
38, -18.1443,  -5.3939, 140.3354,
39, -18.1443,  -5.3939, 140.3354,
40, -81.6124,   0.1483,-384.7542,
41, -81.6124,   0.1483,-384.7542,
42, -81.6124,   0.1483,-384.7542,
43, -81.6124,   0.1483,-384.7542,
44, -81.6124,   0.1483,-384.7542,
45, -81.6124,   0.1483,-384.7542,
46, -79.7595,   0.1514,-384.7545,
47, -77.9074,   0.1549,-384.7549,
48, -76.0556,   0.1584,-384.7553,
49, -74.2038,   0.1615,-384.7558,
50, -72.3521,   0.1642,-384.7560,
51, -70.5001,   0.1670,-384.7559,
52, -68.6485,   0.1686,-384.7558,
53, -66.7969,   0.1675,-384.7560,
54, -64.9446,   0.1647,-384.7561,
55, -63.0921,   0.1621,-384.7556,
56, -61.2398,   0.1604,-384.7550,
57, -59.3872,   0.1588,-384.7544,
58, -57.5342,   0.1588,-384.7537,
59, -55.6815,   0.1604,-384.7530,
60, -53.8293,   0.1613,-384.7522,
61, -51.9768,   0.1601,-384.7512,
62, -50.1242,   0.1574,-384.7498,
63, -48.2714,   0.1548,-384.7480,
64, -46.4184,   0.1535,-384.7465,
65, -44.5657,   0.1534,-384.7449,
66, -42.7132,   0.1526,-384.7432,
67, -40.8603,   0.1508,-384.7407,
68, -39.0076,   0.1486,-384.7380,
69, -37.1548,   0.1470,-384.7353,
70, -35.3021,   0.1461,-384.7324,
71, -33.4500,   0.1452,-384.7294,
72, -30.4863,   0.1407,-384.7241,
73, -28.6335,   0.1384,-384.7204,
74, -26.7809,   0.1378,-384.7159,
75, -24.9285,   0.1379,-384.7112,
76, -23.0762,   0.1379,-384.7063,
77, -21.2234,   0.1388,-384.7011,
78, -19.3708,   0.1411,-384.6957,
79, -17.5188,   0.1438,-384.6902,
80, -15.6669,   0.1446,-384.6841,
81, -13.8147,   0.1440,-384.6773,
82, -11.9609,   0.1446,-384.6701,
83, -10.1004,   0.1475,-384.6623,
84,  -8.2287,   0.1515,-384.6541,
85,  -6.3424,   0.1550,-384.6457,
86,  -4.4384,   0.1580,-384.6365,
87,  -2.5145,   0.1614,-384.6268,
88,  -0.5697,   0.1657,-384.6161,
89,   1.3962,   0.1694,-384.6051,
90,   3.3836,   0.1716,-384.5930,
91,   5.3933,   0.1723,-384.5800,
92,   7.4255,   0.1723,-384.5661,
93,   9.4803,   0.1721,-384.5515,
94,  11.5575,   0.1718,-384.5360,
95,  13.6570,   0.1715,-384.5195,
96,  15.7783,   0.1704,-384.5020,
97,  17.9214,   0.1686,-384.4833,
98,  20.0864,   0.1674,-384.4631,
99,  22.2724,   0.1648,-384.4416,
100,  24.4784,   0.1599,-384.4189,
101,  26.7012,   0.1550,-384.3950,
102,  28.9322,   0.1509,-384.3700,
103,  31.1650,   0.1481,-384.3441,
104,  33.3975,   0.1463,-384.3172,
105,  35.6332,   0.1456,-384.2888,
106,  37.8779,   0.1484,-384.2590,
107,  40.1301,   0.1518,-384.2283,
108,  42.3908,   0.1545,-384.1970,
109,  44.6623,   0.1579,-384.1647,
110,  46.9462,   0.1638,-384.1315,
111,  49.2431,   0.1701,-384.0974,
112,  51.5541,   0.1737,-384.0626,
113,  53.8810,   0.1748,-384.0270,
114,  56.2251,   0.1761,-383.9914,
115,  60.0110,   0.1792,-383.9337,
116,  62.3993,   0.1799,-383.8973,
117,  66.2571,   0.1801,-383.8376,
118,  68.6910,   0.1786,-383.7992,
119,  71.1424,   0.1747,-383.7585,
120,  73.6121,   0.1704,-383.7151,
121,  76.0998,   0.1661,-383.6684,
122,  80.1172,   0.1591,-383.5869,
123,  82.6513,   0.1564,-383.5321,
124,  85.2029,   0.1550,-383.4743,
125,  87.7718,   0.1544,-383.4135,
126,  90.3580,   0.1552,-383.3493,
127,  92.9611,   0.1569,-383.2821,
128,  95.5806,   0.1568,-383.2127,
129,  98.2169,   0.1548,-383.1411,
130, 100.8706,   0.1530,-383.0663,
131, 103.5414,   0.1520,-382.9881,
132, 106.2288,   0.1512,-382.9075,
133, 108.9332,   0.1511,-382.8272,
134, 111.6543,   0.1509,-382.7500,
135, 114.3919,   0.1498,-382.6772,
136, 117.1462,   0.1487,-382.6104,
137, 119.9171,   0.1483,-382.5520,
138, 122.7042,   0.1469,-382.5030,
139, 125.5071,   0.1426,-382.4635,
140, 128.3265,   0.1373,-382.4346,
141, 131.1626,   0.1337,-382.4157,
142, 134.0151,   0.1323,-382.4057,
143, 136.8838,   0.1337,-382.4034,
144, 139.7678,   0.1361,-382.4077,
145, 142.6668,   0.1376,-382.4167,
146, 145.5813,   0.1403,-382.4310,
147, 148.5107,   0.1428,-382.4499,
148, 151.4549,   0.1442,-382.4721,
149, 154.4145,   0.1471,-382.4983,
150, 157.3892,   0.1520,-382.5283,
151, 160.3787,   0.1574,-382.5623,
152, 163.3831,   0.1623,-382.6001,
153, 166.4024,   0.1662,-382.6422,
154, 169.4360,   0.1669,-382.6881,
155, 172.4841,   0.1645,-382.7376,
156, 175.5474,   0.1623,-382.7917,
157, 178.6259,   0.1631,-382.8501,
158, 181.7189,   0.1669,-382.9130,
159, 184.8252,   0.1680,-382.9803,
160, 187.9453,   0.1653,-383.0515,
161, 191.0796,   0.1609,-383.1270,
162, 194.2283,   0.1567,-383.2072,
163, 197.3911,   0.1532,-383.2916,
164, 200.5679,   0.1514,-383.3805,
165, 203.7580,   0.1513,-383.4734,
166, 206.9613,   0.1507,-383.5705,
167, 210.1777,   0.1486,-383.6717,
168, 213.4074,   0.1452,-383.7765,
169, 216.6489,   0.1425,-383.8845,
170, 219.8974,   0.1412,-383.9960,
171, 223.1481,   0.1398,-384.1106,
172, 226.3986,   0.1401,-384.2278,
173, 229.6484,   0.1409,-384.3479,
174, 232.9020,   0.1436,-384.4708,
175, 236.1597,   0.1488,-384.5966,
176, 239.4209,   0.1533,-384.7245,
177, 242.6869,   0.1564,-384.8540,
178, 245.9585,   0.1590,-384.9854,
179, 249.2365,   0.1584,-385.1183,
180, 252.5222,   0.1546,-385.2509,
181, 255.8167,   0.1503,-385.3828,
182, 259.1212,   0.1481,-385.5128,
183, 262.4355,   0.1479,-385.6393,
184, 265.7598,   0.1480,-385.7610,
185, 269.0944,   0.1476,-385.8771,
186, 272.4396,   0.1462,-385.9866,
187, 275.7958,   0.1458,-386.0889,
188, 279.1628,   0.1467,-386.1826,
189, 282.5405,   0.1483,-386.2683,
190, 285.9289,   0.1496,-386.3463,
191, 289.3283,   0.1517,-386.4154,
192, 292.7388,   0.1557,-386.4754,
193, 296.1600,   0.1610,-386.5269,
194, 299.5913,   0.1649,-386.5710,
195, 303.0331,   0.1672,-386.6073,
196, 306.4853,   0.1683,-386.6354,
197, 309.9480,   0.1689,-386.6559,
198, 313.4214,   0.1690,-386.6685,
199, 316.9054,   0.1686,-386.6740,
200, 320.3999,   0.1680,-386.6719,
201, 323.9050,   0.1679,-386.6624,
202, 327.4205,   0.1679,-386.6468,
203, 330.9463,   0.1666,-386.6262,
204, 334.4823,   0.1636,-386.6009,
205, 338.0280,   0.1562,-386.5727,
206, 341.5844,   0.1458,-386.5422,
207, 345.1521,   0.1383,-386.5094,
208, 348.7307,   0.1357,-386.4749,
209, 352.3195,   0.1376,-386.4390,
210, 355.9180,   0.1431,-386.4020,
211, 359.5256,   0.1468,-386.3633,
212, 363.1427,   0.1459,-386.3228,
213, 366.7698,   0.1422,-386.2814,
214, 370.4071,   0.1365,-386.2376,
215, 374.0547,   0.1312,-386.1914,
216, 377.7126,   0.1276,-386.1434,
217, 381.3804,   0.1251,-386.0925,
218, 385.0585,   0.1251,-386.0376,
219, 388.7469,   0.1300,-385.9790,
220, 392.4445,   0.1370,-385.9196,
221, 396.1515,   0.1438,-385.8611,
222, 399.8673,   0.1481,-385.8055,
223, 403.5927,   0.1496,-385.7567,
224, 407.3278,   0.1510,-385.7165,
225, 411.0727,   0.1546,-385.6857,
226, 414.8265,   0.1585,-385.6643,
227, 418.5892,   0.1585,-385.6508,
228, 422.3615,   0.1567,-385.6431,
229, 426.1434,   0.1553,-385.6367,
230, 429.9344,   0.1525,-385.6266,
231, 433.7349,   0.1487,-385.6081,
232, 437.5446,   0.1451,-385.5778,
233, 441.3641,   0.1416,-385.5332,
234, 445.1935,   0.1395,-385.4737,
235, 449.0320,   0.1385,-385.4018,
236, 452.8801,   0.1386,-385.3184,
237, 456.7376,   0.1396,-385.2268,
238, 460.6048,   0.1406,-385.1313,
239, 464.4822,   0.1433,-385.0337,
240, 468.3695,   0.1504,-384.9353,
241, 474.6071,   0.1616,-384.7795,
242, 478.5162,   0.1644,-384.6861,
243, 482.4347,   0.1658,-384.5977,
244, 486.3628,   0.1716,-384.5153,
245, 490.2998,   0.1810,-384.4400,
246, 494.2450,   0.1904,-384.3736,
247, 498.1981,   0.1973,-384.3147,
248, 502.1599,   0.2038,-384.2646,
249, 506.1306,   0.2126,-384.2218,
250, 510.1098,   0.2220,-384.1840,
251, 514.0974,   0.2304,-384.1497,
252, 518.0939,   0.2406,-384.1167,
253, 522.1002,   0.2579,-384.0831,
254, 526.1151,   0.2821,-384.0474,
255, 530.1378,   0.3069,-384.0068,
256, 534.1680,   0.3301,-383.9616,
257, 538.2058,   0.3498,-383.9091,
258, 542.2522,   0.3670,-383.8476,
259, 546.3069,   0.3822,-383.7745,
260, 550.3689,   0.3911,-383.6869,
261, 554.4389,   0.3973,-383.5786,
262, 558.5163,   0.4009,-383.4494,
263, 562.6010,   0.4030,-383.2956,
264, 566.6924,   0.4028,-383.1140,
265, 570.7900,   0.3983,-382.9025,
266, 574.8942,   0.3948,-382.6577,
267, 579.0044,   0.3957,-382.3768,
268, 583.1191,   0.3984,-382.0594,
269, 587.2361,   0.3936,-381.7074,
270, 591.3533,   0.3782,-381.3175,
271, 595.4681,   0.3562,-380.8849,
272, 599.5768,   0.3266,-380.4101,
273, 603.6774,   0.2890,-379.8893,
274, 607.7665,   0.2475,-379.3148,
275, 611.8411,   0.2038,-378.6820,
276, 615.8997,   0.1549,-377.9915,
277, 619.9388,   0.1006,-377.2334,
278, 623.9545,   0.0436,-376.3979,
279, 627.9424,  -0.0090,-375.4777,
280, 631.8997,  -0.0581,-374.4760,
281, 635.8240,  -0.1076,-373.3906,
282, 639.7115,  -0.1571,-372.2182,
283, 643.5580,  -0.2030,-370.9542,
284, 647.3597,  -0.2447,-369.5972,
285, 651.1129,  -0.2819,-368.1470,
286, 654.8143,  -0.3146,-366.6035,
287, 658.4584,  -0.3373,-364.9612,
288, 662.0397,  -0.3491,-363.2216,
289, 665.5578,  -0.3542,-361.3888,
290, 669.0107,  -0.3548,-359.4676,
291, 672.4001,  -0.3546,-357.4627,
292, 675.7224,  -0.3542,-355.3770,
293, 678.9781,  -0.3562,-353.2133,
294, 682.1608,  -0.3557,-350.9686,
295, 685.2687,  -0.3524,-348.6453,
296, 688.2985,  -0.3466,-346.2454,
297, 691.2508,  -0.3410,-343.7726,
298, 694.1230,  -0.3358,-341.2293,
299, 696.9099,  -0.3277,-338.6126,
300, 699.6089,  -0.3161,-335.9257,
301, 702.2172,  -0.3002,-333.1698,
302, 704.7346,  -0.2790,-330.3495,
303, 707.1580,  -0.2510,-327.4681,
304, 709.4901,  -0.2262,-324.5287,
305, 711.7238,  -0.2006,-321.5314,
306, 713.8583,  -0.1724,-318.4783,
307, 715.8928,  -0.1444,-315.3744,
308, 717.8254,  -0.1170,-312.2211,
309, 719.6591,  -0.0920,-309.0222,
310, 721.3886,  -0.0674,-305.7766,
311, 723.0172,  -0.0457,-302.4859,
312, 724.5435,  -0.0252,-299.1512,
313, 725.9664,  -0.0060,-295.7733,
314, 727.2879,   0.0109,-292.3558,
315, 728.5045,   0.0273,-288.8991,
316, 729.6155,   0.0425,-285.4052,
317, 730.6172,   0.0553,-281.8764,
318, 731.5112,   0.0642,-278.3155,
319, 732.2977,   0.0704,-274.7256,
320, 732.9746,   0.0742,-271.1088,
321, 733.5412,   0.0761,-267.4686,
322, 733.9924,   0.0798,-263.8075,
323, 734.3336,   0.0807,-260.1297,
324, 734.5622,   0.0805,-256.4384,
325, 734.6794,   0.0790,-252.7366,
326, 734.6851,   0.0756,-249.0280,
327, 734.5797,   0.0704,-245.3152,
328, 734.3632,   0.0636,-241.6012,
329, 734.0295,   0.0598,-237.8900,
330, 733.5806,   0.0580,-234.1851,
331, 733.0178,   0.0566,-230.4908,
332, 732.3483,   0.0505,-226.8089,
333, 731.5751,   0.0394,-223.1418,
334, 730.6870,   0.0293,-219.4943,
335, 729.6855,   0.0204,-215.8709,
336, 728.5720,   0.0125,-212.2777,
337, 727.3489,   0.0051,-208.7201,
338, 726.0187,  -0.0021,-205.2046,
339, 724.5884,  -0.0136,-201.7319,
340, 723.0590,  -0.0292,-198.3044,
341, 721.4248,  -0.0434,-194.9290,
342, 719.6914,  -0.0596,-191.6094,
343, 717.8611,  -0.0788,-188.3487,
344, 715.9365,  -0.1006,-185.1488,
345, 713.9120,  -0.1190,-182.0193,
346, 711.7974,  -0.1402,-178.9584,
347, 709.5920,  -0.1638,-175.9707,
348, 707.2976,  -0.1898,-173.0565,
349, 704.9171,  -0.2188,-170.2180,
350, 702.4498,  -0.2502,-167.4582,
351, 699.8959,  -0.2808,-164.7833,
352, 697.2624,  -0.3155,-162.1899,
353, 694.5521,  -0.3535,-159.6807,
354, 691.7681,  -0.3957,-157.2561,
355, 688.9098,  -0.4374,-154.9237,
356, 685.9844,  -0.4832,-152.6799,
357, 682.9915,  -0.5298,-150.5293,
358, 679.9388,  -0.5828,-148.4656,
359, 676.8257,  -0.6415,-146.4903,
360, 673.6542,  -0.7022,-144.6054,
361, 670.4289,  -0.7688,-142.8067,
362, 667.1491,  -0.8372,-141.0980,
363, 663.8189,  -0.9077,-139.4769,
364, 660.4409,  -0.9814,-137.9429,
365, 657.0143,  -1.0499,-136.5022,
366, 653.5435,  -1.1136,-135.1523,
367, 650.0338,  -1.1775,-133.8868,
368, 646.4867,  -1.2401,-132.7073,
369, 642.9052,  -1.3010,-131.6115,
370, 639.2921,  -1.3606,-130.5962,
371, 635.6475,  -1.4123,-129.6673,
372, 631.9753,  -1.4557,-128.8210,
373, 628.2798,  -1.4989,-128.0472,
374, 624.5620,  -1.5420,-127.3458,
375, 620.8239,  -1.5836,-126.7133,
376, 617.0683,  -1.6294,-126.1408,
377, 613.2969,  -1.6834,-125.6246,
378, 609.5096,  -1.7446,-125.1632,
379, 605.7070,  -1.8112,-124.7518,
380, 601.8892,  -1.8807,-124.3882,
381, 598.0572,  -1.9499,-124.0663,
382, 594.2135,  -2.0241,-123.7764,
383, 590.3584,  -2.1093,-123.5101,
384, 586.4899,  -2.1953,-123.2616,
385, 582.6080,  -2.2765,-123.0239,
386, 578.7144,  -2.3535,-122.7918,
387, 574.8107,  -2.4283,-122.5575,
388, 570.8969,  -2.5025,-122.3159,
389, 566.9730,  -2.5721,-122.0576,
390, 563.0402,  -2.6328,-121.7744,
391, 559.1004,  -2.6874,-121.4623,
392, 555.1544,  -2.7390,-121.1156,
393, 551.2033,  -2.7875,-120.7274,
394, 547.2484,  -2.8359,-120.2962,
395, 543.2905,  -2.8857,-119.8192,
396, 539.3307,  -2.9379,-119.2950,
397, 535.3704,  -2.9940,-118.7228,
398, 531.4100,  -3.0609,-118.1061,
399, 527.4496,  -3.1350,-117.4394,
400, 523.4904,  -3.2124,-116.7222,
401, 519.5344,  -3.2914,-115.9549,
402, 515.5825,  -3.3758,-115.1398,
403, 511.6348,  -3.4645,-114.2774,
404, 507.6917,  -3.5551,-113.3677,
405, 503.7541,  -3.6492,-112.4124,
406, 499.8224,  -3.7456,-111.4116,
407, 495.8982,  -3.8424,-110.3666,
408, 491.9826,  -3.9393,-109.2782,
409, 488.0768,  -4.0365,-108.1462,
410, 484.1823,  -4.1321,-106.9691,
411, 480.2998,  -4.2278,-105.7482,
412, 476.4304,  -4.3229,-104.4809,
413, 472.5753,  -4.4167,-103.1670,
414, 468.7351,  -4.5111,-101.8073,
415, 464.9110,  -4.6058,-100.3987,
416, 461.1033,  -4.6977, -98.9397,
417, 457.3118,  -4.7871, -97.4287,
418, 453.5362,  -4.8750, -95.8662,
419, 449.7759,  -4.9602, -94.2526,
420, 446.0320,  -5.0428, -92.5871,
421, 442.3049,  -5.1262, -90.8711,
422, 438.5941,  -5.2138, -89.1073,
423, 434.9001,  -5.3027, -87.2930,
424, 431.2233,  -5.3909, -85.4281,
425, 427.5641,  -5.4765, -83.5123,
426, 423.9240,  -5.5578, -81.5444,
427, 420.3031,  -5.6371, -79.5269,
428, 416.7011,  -5.7192, -77.4616,
429, 413.1192,  -5.8023, -75.3464,
430, 409.5591,  -5.8839, -73.1799,
431, 406.0208,  -5.9651, -70.9640,
432, 402.5045,  -6.0476, -68.6995,
433, 399.0122,  -6.1292, -66.3845,
434, 395.5439,  -6.2102, -64.0202,
435, 392.1008,  -6.2896, -61.6058,
436, 388.6836,  -6.3676, -59.1419,
437, 385.2921,  -6.4452, -56.6303,
438, 381.9277,  -6.5200, -54.0696,
439, 378.5897,  -6.5955, -51.4626,
440, 375.2764,  -6.6754, -48.8126,
441, 371.9879,  -6.7598, -46.1200,
442, 368.7245,  -6.8459, -43.3845,
443, 365.4870,  -6.9325, -40.6066,
444, 362.2762,  -7.0182, -37.7855,
445, 359.0930,  -7.1006, -34.9209,
446, 355.9372,  -7.1791, -32.0141,
447, 352.8098,  -7.2553, -29.0655,
448, 349.7131,  -7.3270, -26.0740,
449, 346.6489,  -7.3917, -23.0388,
450, 343.6158,  -7.4501, -19.9623,
451, 340.6141,  -7.5019, -16.8443,
452, 337.6409,  -7.5492, -13.6890,
453, 334.6947,  -7.5956, -10.4988,
454, 331.7766,  -7.6412,  -7.2731,
455, 328.8873,  -7.6848,  -4.0116,
456, 326.0279,  -7.7227,  -0.7134,
457, 323.1989,  -7.7524,   2.6207,
458, 320.3979,  -7.7786,   5.9867,
459, 317.6242,  -7.8029,   9.3836,
460, 314.8767,  -7.8240,  12.8107,
461, 312.1539,  -7.8432,  16.2661,
462, 309.4543,  -7.8601,  19.7484,
463, 306.7757,  -7.8774,  23.2552,
464, 304.1164,  -7.8983,  26.7846,
465, 301.4765,  -7.9225,  30.3367,
466, 298.8551,  -7.9494,  33.9110,
467, 296.2518,  -7.9776,  37.5074,
468, 293.6661,  -8.0067,  41.1247,
469, 291.0975,  -8.0375,  44.7623,
470, 288.5456,  -8.0715,  48.4196,
471, 286.0111,  -8.1063,  52.0976,
472, 283.4951,  -8.1369,  55.7973,
473, 280.9976,  -8.1609,  59.5183,
474, 278.5186,  -8.1802,  63.2595,
475, 276.0577,  -8.1962,  67.0203,
476, 273.6155,  -8.2073,  70.8012,
477, 271.1921,  -8.2129,  74.6016,
478, 268.7861,  -8.2191,  78.4194,
479, 266.3981,  -8.2286,  82.2549,
480, 264.0276,  -8.2422,  86.1082,
481, 261.6753,  -8.2582,  89.9796,
482, 259.3419,  -8.2735,  93.8695,
483, 257.0297,  -8.2832,  97.7775,
484, 254.7403,  -8.2843, 101.7003,
485, 252.4733,  -8.2819, 105.6337,
486, 250.2273,  -8.2811, 109.5767,
487, 248.0024,  -8.2814, 113.5305,
488, 245.7986,  -8.2835, 117.4948,
489, 243.6164,  -8.2877, 121.4706,
490, 241.4568,  -8.2896, 125.4591,
491, 239.3202,  -8.2845, 129.4612,
492, 237.2037,  -8.2759, 133.4755,
493, 235.1061,  -8.2704, 137.5018,
494, 233.0271,  -8.2661, 141.5411,
495, 230.9650,  -8.2611, 145.5931,
496, 228.9169,  -8.2562, 149.6564,
497, 226.8810,  -8.2535, 153.7303,
498, 224.8553,  -8.2530, 157.8140,
499, 222.8380,  -8.2552, 161.9068,
500, 220.8264,  -8.2617, 166.0077,
501, 218.8200,  -8.2702, 170.1168,
502, 216.8167,  -8.2759, 174.2341,
503, 214.8147,  -8.2746, 178.3584,
504, 212.8124,  -8.2695, 182.4880,
505, 210.8083,  -8.2652, 186.6173,
506, 208.8113,  -8.2621, 190.7200,
507, 206.8220,  -8.2614, 194.7857,
508, 204.8219,  -8.2644, 198.8434,
509, 202.8095,  -8.2659, 202.8781,
510, 200.7974,  -8.2611, 206.8571,
511, 198.7903,  -8.2496, 210.7725,
512, 196.7878,  -8.2279, 214.6199,
513, 194.7843,  -8.2001, 218.3973,
514, 192.7756,  -8.1669, 222.1006,
515, 190.7594,  -8.1322, 225.7300,
516, 188.7353,  -8.1017, 229.2877,
517, 186.7029,  -8.0742, 232.7714,
518, 184.6619,  -8.0479, 236.1783,
519, 182.6146,  -8.0264, 239.5119,
520, 180.5629,  -8.0137, 242.7752,
521, 178.5067,  -8.0076, 245.9652,
522, 176.4474,  -8.0020, 249.0768,
523, 174.3870,  -7.9967, 252.1114,
524, 172.3274,  -7.9944, 255.0726,
525, 170.2718,  -7.9955, 257.9608,
526, 168.2241,  -7.9976, 260.7746,
527, 166.1871,  -8.0005, 263.5146,
528, 164.1623,  -8.0032, 266.1796,
529, 162.1507,  -8.0062, 268.7696,
530, 160.1520,  -8.0122, 271.2874,
531, 158.1656,  -8.0208, 273.7324,
532, 156.1910,  -8.0282, 276.1003,
533, 154.2282,  -8.0329, 278.3897,
534, 152.2770,  -8.0347, 280.6004,
535, 150.3374,  -8.0338, 282.7313,
536, 148.4094,  -8.0330, 284.7849,
537, 146.4937,  -8.0321, 286.7609,
538, 144.5879,  -8.0281, 288.6550,
539, 142.6877,  -8.0207, 290.4663,
540, 140.7896,  -8.0095, 292.1965,
541, 138.8905,  -7.9942, 293.8438,
542, 136.9863,  -7.9771, 295.4091,
543, 135.0688,  -7.9602, 296.8955,
544, 133.1302,  -7.9434, 298.3033,
545, 131.1651,  -7.9276, 299.6346,
546, 129.1699,  -7.9129, 300.8889,
547, 127.1465,  -7.8993, 302.0652,
548, 125.0966,  -7.8875, 303.1631,
549, 123.0219,  -7.8779, 304.1829,
550, 120.9242,  -7.8704, 305.1241,
551, 118.8052,  -7.8649, 305.9868,
552, 116.6666,  -7.8608, 306.7708,
553, 114.5110,  -7.8583, 307.4767,
554, 112.3414,  -7.8593, 308.1049,
555, 110.1598,  -7.8644, 308.6530,
556, 107.9680,  -7.8724, 309.1187,
557, 105.7684,  -7.8822, 309.5023,
558, 103.5629,  -7.8947, 309.8055,
559, 101.3525,  -7.9105, 310.0285,
560,  99.1387,  -7.9292, 310.1709,
561,  96.9230,  -7.9502, 310.2325,
562,  94.7071,  -7.9734, 310.2171,
563,  92.4916,  -7.9977, 310.1276,
564,  90.2767,  -8.0211, 309.9688,
565,  88.0610,  -8.0445, 309.7537,
566,  85.8413,  -8.0680, 309.4971,
567,  83.6155,  -8.0894, 309.2048,
568,  81.3825,  -8.1061, 308.8772,
569,  79.1425,  -8.1185, 308.5121,
570,  76.8962,  -8.1281, 308.1046,
571,  74.6445,  -8.1350, 307.6489,
572,  72.3889,  -8.1395, 307.1404,
573,  70.1310,  -8.1425, 306.5755,
574,  67.8724,  -8.1443, 305.9520,
575,  65.6149,  -8.1449, 305.2680,
576,  63.3616,  -8.1438, 304.5222,
577,  61.1167,  -8.1406, 303.7167,
578,  58.8846,  -8.1369, 302.8534,
579,  56.6701,  -8.1344, 301.9330,
580,  54.4768,  -8.1341, 300.9565,
581,  52.3081,  -8.1345, 299.9231,
582,  50.1673,  -8.1341, 298.8324,
583,  48.0576,  -8.1316, 297.6842,
584,  45.9819,  -8.1270, 296.4786,
585,  43.9417,  -8.1230, 295.2173,
586,  41.9374,  -8.1215, 293.8997,
587,  39.9693,  -8.1209, 292.5237,
588,  38.0379,  -8.1187, 291.0877,
589,  36.1441,  -8.1149, 289.5915,
590,  34.2884,  -8.1107, 288.0354,
591,  32.4713,  -8.1075, 286.4209,
592,  30.6935,  -8.1056, 284.7490,
593,  28.9564,  -8.1043, 283.0201,
594,  27.2606,  -8.1025, 281.2352,
595,  25.6069,  -8.0996, 279.3948,
596,  23.9957,  -8.0958, 277.5001,
597,  22.4271,  -8.0917, 275.5527,
598,  20.9018,  -8.0876, 273.5540,
599,  19.4197,  -8.0832, 271.5056,
600,  17.9818,  -8.0785, 269.4084,
601,  16.5890,  -8.0724, 267.2643,
602,  15.2436,  -8.0633, 265.0756,
603,  13.9484,  -8.0493, 262.8446,
604,  12.7060,  -8.0305, 260.5739,
605,  11.5167,  -8.0070, 258.2669,
606,  10.3816,  -7.9799, 255.9268,
607,   9.3014,  -7.9501, 253.5547,
608,   8.2771,  -7.9172, 251.1506,
609,   7.3080,  -7.8825, 248.7156,
610,   6.3945,  -7.8473, 246.2507,
611,   5.5405,  -7.8099, 243.7572,
612,   4.7466,  -7.7694, 241.2381,
613,   4.0123,  -7.7265, 238.6956,
614,   3.3391,  -7.6810, 236.1301,
615,   2.7280,  -7.6319, 233.5418,
616,   2.1772,  -7.5803, 230.9324,
617,   1.6848,  -7.5297, 228.3045,
618,   1.2526,  -7.4806, 225.6600,
619,   0.8802,  -7.4328, 223.0009,
620,   0.5663,  -7.3858, 220.3278,
621,   0.3088,  -7.3403, 217.6410,
622,   0.1063,  -7.2967, 214.9402,
623,  -0.0441,  -7.2531, 212.2248,
624,  -0.1508,  -7.2074, 209.4946,
625,  -0.2291,  -7.1602, 206.7500,
626,  -0.3010,  -7.1130, 203.9920,
627,  -0.3891,  -7.0641, 201.2211,
628,  -0.5094,  -7.0114, 198.4394,
629,  -0.6720,  -6.9549, 195.6526,
630,  -0.8823,  -6.8950, 192.8669,
631,  -1.1436,  -6.8328, 190.0879,
632,  -1.4583,  -6.7686, 187.3199,
633,  -1.8272,  -6.7032, 184.5657,
634,  -2.2509,  -6.6374, 181.8273,
635,  -2.7305,  -6.5714, 179.1066,
636,  -3.2671,  -6.5068, 176.4061,
637,  -3.8617,  -6.4445, 173.7269,
638,  -4.5187,  -6.3803, 171.0732,
639,  -5.2373,  -6.3114, 168.4553,
640,  -6.0122,  -6.2377, 165.8852,
641,  -6.8333,  -6.1604, 163.3721,
642,  -7.6933,  -6.0853, 160.9184,
643,  -8.6046,  -6.0128, 158.5158,
644,  -9.5667,  -5.9398, 156.1669,
645, -10.5730,  -5.8679, 153.8764,
646, -11.6370,  -5.7978, 151.6333,
647, -12.7596,  -5.7281, 149.4364,
648, -13.9425,  -5.6565, 147.2916,
649, -15.1834,  -5.5831, 145.1987,
650, -16.4817,  -5.5079, 143.1579,
651, -17.8375,  -5.4315, 141.1712,
652, -19.2490,  -5.3553, 139.2372,
653, -20.7144,  -5.2793, 137.3570,
654, -22.2339,  -5.2036, 135.5336,
655, -23.8063,  -5.1275, 133.7684,
656, -25.4288,  -5.0513, 132.0618,
657, -27.0996,  -4.9758, 130.4142,
658, -28.8181,  -4.9009, 128.8274,
659, -30.5809,  -4.8276, 127.3025,
660, -32.3840,  -4.7583, 125.8384,
661, -34.2252,  -4.6935, 124.4362,
662, -36.1021,  -4.6336, 123.0941,
663, -38.0139,  -4.5797, 121.8096,
664, -39.9618,  -4.5306, 120.5831,
665, -41.9453,  -4.4843, 119.4150,
666, -43.9624,  -4.4406, 118.3039,
667, -46.0117,  -4.4012, 117.2491,
668, -48.0932,  -4.3674, 116.2497,
669, -50.2071,  -4.3378, 115.3049,
670, -52.3532,  -4.3125, 114.4135,
671, -54.5321,  -4.2913, 113.5764,
672, -56.7446,  -4.2720, 112.7965,
673, -58.9886,  -4.2542, 112.0746,
674, -61.2613,  -4.2382, 111.4112,
675, -63.5616,  -4.2228, 110.8095,
676, -65.8869,  -4.2082, 110.2685,
677, -68.2359,  -4.1958, 109.7880,
678, -70.6085,  -4.1846, 109.3716,
679, -73.0037,  -4.1743, 109.0199,
680, -75.4203,  -4.1650, 108.7323,
681, -77.8565,  -4.1564, 108.5096,
682, -80.3113,  -4.1478, 108.3544,
683, -82.7828,  -4.1387, 108.2679,
684, -85.2688,  -4.1295, 108.2491,
685, -87.7679,  -4.1217, 108.2979,
686, -90.2781,  -4.1156, 108.4166,
687, -92.7963,  -4.1106, 108.6068,
688, -95.3188,  -4.1053, 108.8696,
689, -97.8404,  -4.0978, 109.2077,
690,-100.3559,  -4.0873, 109.6215,
691,-102.8620,  -4.0747, 110.1092,
692,-105.3571,  -4.0617, 110.6698,
693,-107.8397,  -4.0480, 111.3046,
694,-110.3079,  -4.0336, 112.0128,
695,-112.7606,  -4.0188, 112.7939,
696,-115.1968,  -4.0035, 113.6475,
697,-117.6150,  -3.9879, 114.5725,
698,-120.0141,  -3.9729, 115.5675,
699,-122.3923,  -3.9576, 116.6329,
700,-124.7468,  -3.9411, 117.7704,
701,-127.0754,  -3.9235, 118.9789,
702,-129.3752,  -3.9064, 120.2557,
703,-131.6423,  -3.8902, 121.5997,
704,-133.8709,  -3.8724, 123.0114,
705,-136.0574,  -3.8512, 124.4880,
706,-138.2030,  -3.8279, 126.0232,
707,-140.3116,  -3.8046, 127.6111,
708,-142.3889,  -3.7809, 129.2449,
709,-144.4443,  -3.7574, 130.9122,
710,-146.4960,  -3.7351, 132.5925,
711,-148.5537,  -3.7103, 134.2758,
712,-150.6138,  -3.6821, 135.9681,
713,-152.6695,  -3.6541, 137.6773,
714,-154.7087,  -3.6269, 139.4173,
715,-156.7226,  -3.5993, 141.1973,
716,-158.7058,  -3.5715, 143.0211,
717,-160.6533,  -3.5438, 144.8908,
718,-162.5641,  -3.5200, 146.8036,
719,-164.4391,  -3.5023, 148.7576,
720,-166.2802,  -3.4893, 150.7517,
721,-168.0909,  -3.4778, 152.7840,
722,-169.8781,  -3.4661, 154.8494,
723,-171.6537,  -3.4567, 156.9389,
724,-173.4292,  -3.4502, 159.0443,
725,-175.2139,  -3.4446, 161.1598,
726,-177.0124,  -3.4368, 163.2829,
727,-178.8260,  -3.4252, 165.4129,
728,-180.6537,  -3.4100, 167.5507,
729,-182.4922,  -3.3933, 169.6986,
730,-184.3386,  -3.3782, 171.8589,
731,-186.1911,  -3.3657, 174.0339,
732,-188.0495,  -3.3536, 176.2245,
733,-189.9141,  -3.3387, 178.4309,
734,-191.7852,  -3.3195, 180.6525,
735,-193.6631,  -3.2960, 182.8881,
736,-195.5478,  -3.2705, 185.1372,
737,-197.4396,  -3.2456, 187.3992,
738,-199.3392,  -3.2226, 189.6738,
739,-201.2474,  -3.1988, 191.9615,
740,-203.1638,  -3.1739, 194.2620,
741,-205.0879,  -3.1477, 196.5755,
742,-207.0190,  -3.1197, 198.9025,
743,-208.9566,  -3.0897, 201.2432,
744,-210.9003,  -3.0592, 203.5973,
745,-212.8503,  -3.0276, 205.9649,
746,-214.8062,  -2.9943, 208.3466,
747,-216.7673,  -2.9602, 210.7423,
748,-218.7329,  -2.9274, 213.1519,
749,-220.7030,  -2.8950, 215.5760,
750,-222.6777,  -2.8622, 218.0143,
751,-224.6575,  -2.8296, 220.4662,
752,-226.6415,  -2.7979, 222.9319,
753,-228.6299,  -2.7674, 225.4113,
754,-230.6230,  -2.7381, 227.9046,
755,-232.6210,  -2.7094, 230.4115,
756,-234.6241,  -2.6818, 232.9314,
757,-236.6317,  -2.6572, 235.4636,
758,-238.6426,  -2.6364, 238.0061,
759,-240.6545,  -2.6187, 240.5551,
760,-242.6654,  -2.6019, 243.1073,
761,-244.6735,  -2.5872, 245.6616,
762,-246.6799,  -2.5753, 248.2186,
763,-248.6869,  -2.5653, 250.7816,
764,-250.6946,  -2.5560, 253.3504,
765,-252.7031,  -2.5478, 255.9253,
766,-254.7133,  -2.5394, 258.5070,
767,-256.7255,  -2.5321, 261.0962,
768,-258.7406,  -2.5261, 263.6934,
769,-260.7596,  -2.5190, 266.2998,
770,-262.7830,  -2.5093, 268.9158,
771,-264.8106,  -2.4994, 271.5411,
772,-266.8427,  -2.4922, 274.1759,
773,-268.8803,  -2.4893, 276.8198,
774,-270.9244,  -2.4907, 279.4729,
775,-272.9757,  -2.4959, 282.1349,
776,-275.0358,  -2.5031, 284.8055,
777,-277.1045,  -2.5125, 287.4840,
778,-279.1832,  -2.5249, 290.1693,
779,-281.2726,  -2.5381, 292.8615,
780,-283.3728,  -2.5503, 295.5610,
781,-285.4843,  -2.5611, 298.2671,
782,-287.6072,  -2.5703, 300.9792,
783,-289.7407,  -2.5801, 303.6973,
784,-291.8848,  -2.5929, 306.4210,
785,-294.0396,  -2.6099, 309.1502,
786,-296.2049,  -2.6318, 311.8853,
787,-298.3810,  -2.6577, 314.6270,
788,-300.5688,  -2.6862, 317.3749,
789,-302.7684,  -2.7148, 320.1293,
790,-304.9789,  -2.7430, 322.8904,
791,-307.2005,  -2.7718, 325.6580,
792,-309.4330,  -2.8032, 328.4314,
793,-311.6768,  -2.8387, 331.2104,
794,-313.9330,  -2.8769, 333.9948,
795,-316.2012,  -2.9185, 336.7851,
796,-318.4813,  -2.9633, 339.5815,
797,-320.7747,  -3.0076, 342.3835,
798,-323.0815,  -3.0504, 345.1907,
799,-325.4009,  -3.0908, 348.0031,
800,-327.7323,  -3.1299, 350.8208,
801,-330.0754,  -3.1699, 353.6438,
802,-332.4309,  -3.2117, 356.4719,
803,-334.7990,  -3.2560, 359.3051,
804,-337.1790,  -3.3003, 362.1443,
805,-339.5712,  -3.3414, 364.9895,
806,-341.9747,  -3.3808, 367.8404,
807,-344.3878,  -3.4216, 370.6981,
808,-346.8104,  -3.4633, 373.5625,
809,-349.2422,  -3.5033, 376.4349,
810,-351.6816,  -3.5408, 379.3161,
811,-354.1270,  -3.5783, 382.2064,
812,-356.5773,  -3.6183, 385.1066,
813,-359.0319,  -3.6588, 388.0180,
814,-361.4904,  -3.6937, 390.9416,
815,-363.9519,  -3.7230, 393.8767,
816,-366.4163,  -3.7488, 396.8227,
817,-368.8844,  -3.7724, 399.7790,
818,-371.3575,  -3.7964, 402.7442,
819,-373.8362,  -3.8238, 405.7175,
820,-376.3213,  -3.8532, 408.6989,
821,-378.8154,  -3.8813, 411.6866,
822,-381.3208,  -3.9037, 414.6790,
823,-383.8396,  -3.9208, 417.6730,
824,-386.3719,  -3.9378, 420.6674,
825,-388.9180,  -3.9590, 423.6618,
826,-391.4791,  -3.9855, 426.6555,
827,-394.0565,  -4.0131, 429.6483,
828,-396.6504,  -4.0406, 432.6404,
829,-399.2607,  -4.0680, 435.6311,
830,-401.8873,  -4.0948, 438.6205,
831,-404.5294,  -4.1213, 441.6090,
832,-407.1870,  -4.1463, 444.5967,
833,-409.8589,  -4.1712, 447.5836,
834,-412.5434,  -4.2010, 450.5707,
835,-415.2401,  -4.2368, 453.5590,
836,-417.9485,  -4.2768, 456.5497,
837,-420.6688,  -4.3160, 459.5422,
838,-423.3956,  -4.3558, 462.5292,
839,-426.1212,  -4.3982, 465.5023,
840,-428.8301,  -4.4420, 468.4446,
841,-431.5146,  -4.4869, 471.3441,
842,-434.1725,  -4.5343, 474.1972,
843,-436.8012,  -4.5836, 477.0015,
844,-439.4001,  -4.6337, 479.7548,
845,-441.9679,  -4.6857, 482.4526,
846,-444.5032,  -4.7414, 485.0905,
847,-447.0060,  -4.7997, 487.6639,
848,-449.4793,  -4.8589, 490.1719,
849,-451.9309,  -4.9219, 492.6147,
850,-454.3643,  -4.9909, 494.9877,
851,-456.7832,  -5.0666, 497.2871,
852,-459.1926,  -5.1478, 499.5132,
853,-461.6050,  -5.2349, 501.6710,
854,-464.0461,  -5.3282, 503.7680,
855,-466.5241,  -5.4241, 505.8007,
856,-469.0338,  -5.5210, 507.7656,
857,-471.5551,  -5.6154, 509.6509,
858,-474.0887,  -5.7072, 511.4557,
859,-476.6569,  -5.7941, 513.1854,
860,-479.2524,  -5.8718, 514.8338,
861,-481.8641,  -5.9324, 516.3925,
862,-484.5020,  -5.9807, 517.8685,
863,-487.1560,  -6.0189, 519.2538,
864,-489.8021,  -6.0437, 520.5446,
865,-492.4450,  -6.0568, 521.7434,
866,-495.1053,  -6.0635, 522.8613,
867,-497.7842,  -6.0670, 523.9014,
868,-500.4765,  -6.0710, 524.8655,
869,-503.1667,  -6.0761, 525.7501,
870,-505.8341,  -6.0801, 526.5548,
871,-508.4677,  -6.0744, 527.2667,
872,-511.0707,  -6.0517, 527.8755,
873,-513.6614,  -6.0253, 528.4003,
874,-516.2518,  -6.0006, 528.8420,
875,-518.8397,  -5.9703, 529.1938,
876,-521.4194,  -5.9324, 529.4504,
877,-523.9727,  -5.8918, 529.6173,
878,-526.5042,  -5.8511, 529.6956,
879,-529.0250,  -5.8107, 529.6830,
880,-531.5306,  -5.7711, 529.5811,
881,-534.0168,  -5.7301, 529.3860,
882,-536.4814,  -5.6876, 529.0987,
883,-538.9230,  -5.6462, 528.7234,
884,-541.3404,  -5.6075, 528.2627,
885,-543.7312,  -5.5686, 527.7154,
886,-546.0938,  -5.5308, 527.0806,
887,-548.4263,  -5.4944, 526.3576,
888,-550.7274,  -5.4582, 525.5479,
889,-552.9956,  -5.4214, 524.6530,
890,-555.2295,  -5.3845, 523.6750,
891,-557.4288,  -5.3482, 522.6169,
892,-559.5935,  -5.3129, 521.4823,
893,-561.7231,  -5.2776, 520.2711,
894,-563.8167,  -5.2409, 518.9836,
895,-565.8743,  -5.2013, 517.6210,
896,-567.8968,  -5.1590, 516.1876,
897,-569.8855,  -5.1166, 514.6877,
898,-571.8401,  -5.0742, 513.1225,
899,-573.7603,  -5.0294, 511.4933,
900,-575.6462,  -4.9795, 509.8027,
901,-577.4951,  -4.9228, 508.0504,
902,-579.3058,  -4.8584, 506.2380,
903,-581.0817,  -4.7876, 504.3718,
904,-582.8255,  -4.7129, 502.4563,
905,-584.5372,  -4.6335, 500.4922,
906,-586.2153,  -4.5456, 498.4795,
907,-587.8607,  -4.4469, 496.4218,
908,-589.4734,  -4.3358, 494.3209,
909,-591.0512,  -4.2142, 492.1777,
910,-592.5950,  -4.0886, 489.9947,
911,-594.1053,  -3.9628, 487.7731,
912,-595.5833,  -3.8393, 485.5145,
913,-597.0302,  -3.7209, 483.2204,
914,-598.4437,  -3.6092, 480.8900,
915,-599.8232,  -3.5073, 478.5237,
916,-601.1691,  -3.4161, 476.1222,
917,-602.4813,  -3.3359, 473.6858,
918,-603.7613,  -3.2657, 471.2157,
919,-605.0125,  -3.2050, 468.7144,
920,-606.2386,  -3.1544, 466.1842,
921,-607.4415,  -3.1145, 463.6266,
922,-608.6241,  -3.0858, 461.0429,
923,-609.7892,  -3.0667, 458.4341,
924,-610.9392,  -3.0554, 455.8015,
925,-612.0747,  -3.0499, 453.1454,
926,-613.1962,  -3.0499, 450.4667,
927,-614.3046,  -3.0554, 447.7663,
928,-615.4000,  -3.0667, 445.0440,
929,-616.4826,  -3.0820, 442.2998,
930,-617.5543,  -3.0990, 439.5343,
931,-618.6169,  -3.1168, 436.7486,
932,-619.6729,  -3.1352, 433.9442,
933,-620.7245,  -3.1551, 431.1223,
934,-621.7728,  -3.1771, 428.2836,
935,-622.8183,  -3.1989, 425.4279,
936,-623.8619,  -3.2181, 422.5556,
937,-624.9041,  -3.2352, 419.6674,
938,-625.9458,  -3.2525, 416.7644,
939,-626.9882,  -3.2715, 413.8469,
940,-628.0323,  -3.2917, 410.9150,
941,-629.0792,  -3.3119, 407.9689,
942,-630.1299,  -3.3318, 405.0092,
943,-631.1853,  -3.3517, 402.0366,
944,-632.2461,  -3.3723, 399.0515,
945,-633.3138,  -3.3918, 396.0539,
946,-634.3878,  -3.4087, 393.0441,
947,-635.4677,  -3.4236, 390.0224,
948,-636.5545,  -3.4351, 386.9889,
949,-637.6496,  -3.4414, 383.9447,
950,-638.7513,  -3.4429, 380.8931,
951,-639.8577,  -3.4405, 377.8388,
952,-640.9681,  -3.4350, 374.7858,
953,-642.0816,  -3.4273, 371.7353,
954,-643.1995,  -3.4191, 368.6842,
955,-644.3237,  -3.4097, 365.6321,
956,-645.4548,  -3.3999, 362.5791,
957,-646.5930,  -3.3904, 359.5244,
958,-647.7388,  -3.3817, 356.4669,
959,-648.8922,  -3.3735, 353.4052,
960,-650.0540,  -3.3642, 350.3383,
961,-651.2248,  -3.3532, 347.2655,
962,-652.4049,  -3.3413, 344.1869,
963,-653.5944,  -3.3307, 341.1020,
964,-654.7931,  -3.3199, 338.0101,
965,-656.0007,  -3.3069, 334.9106,
966,-657.2170,  -3.2893, 331.8035,
967,-658.4426,  -3.2667, 328.6891,
968,-659.6778,  -3.2395, 325.5674,
969,-660.9214,  -3.2095, 322.4384,
970,-662.1736,  -3.1775, 319.3023,
971,-663.4349,  -3.1440, 316.1590,
972,-664.7050,  -3.1105, 313.0087,
973,-665.9841,  -3.0784, 309.8513,
974,-667.2727,  -3.0456, 306.6870,
975,-668.5705,  -3.0104, 303.5153,
976,-669.8774,  -2.9729, 300.3369,
977,-671.1938,  -2.9342, 297.1520,
978,-672.5196,  -2.8945, 293.9610,
979,-673.8551,  -2.8551, 290.7636,
980,-675.2014,  -2.8178, 287.5608,
981,-676.5599,  -2.7853, 284.3531,
982,-677.9323,  -2.7566, 281.1407,
983,-679.3201,  -2.7302, 277.9241,
984,-680.7245,  -2.7031, 274.7034,
985,-682.1452,  -2.6739, 271.4789,
986,-683.5812,  -2.6448, 268.2508,
987,-685.0316,  -2.6151, 265.0180,
988,-686.4951,  -2.5821, 261.7801,
989,-687.9696,  -2.5449, 258.5365,
990,-689.4538,  -2.5066, 255.2871,
991,-690.9468,  -2.4692, 252.0318,
992,-692.4484,  -2.4328, 248.7702,
993,-693.9593,  -2.3949, 245.5022,
994,-695.4789,  -2.3544, 242.2276,
995,-697.0062,  -2.3148, 238.9469,
996,-698.5419,  -2.2778, 235.6604,
997,-700.0859,  -2.2426, 232.3674,
998,-701.6390,  -2.2060, 229.0676,
999,-703.2014,  -2.1666, 225.7616,
1000,-704.7723,  -2.1269, 222.4497,
1001,-706.3514,  -2.0905, 219.1324,
1002,-707.9390,  -2.0585, 215.8091,
1003,-709.5357,  -2.0297, 212.4796,
1004,-711.1417,  -2.0012, 209.1436,
1005,-712.7570,  -1.9662, 205.8007,
1006,-714.3812,  -1.9236, 202.4515,
1007,-716.0130,  -1.8762, 199.0962,
1008,-717.6524,  -1.8266, 195.7347,
1009,-719.2983,  -1.7733, 192.3666,
1010,-720.9500,  -1.7198, 188.9922,
1011,-722.6064,  -1.6679, 185.6110,
1012,-724.2676,  -1.6146, 182.2219,
1013,-725.9329,  -1.5559, 178.8247,
1014,-727.5996,  -1.4918, 175.4185,
1015,-729.2689,  -1.4231, 172.0047,
1016,-730.9377,  -1.3508, 168.5814,
1017,-732.6061,  -1.2785, 165.1497,
1018,-734.2715,  -1.2133, 161.7090,
1019,-735.9349,  -1.1488, 158.2576,
1020,-737.5967,  -1.0789, 154.7958,
1021,-739.2562,  -1.0103, 151.3247,
1022,-740.9128,  -0.9447, 147.8432,
1023,-742.5663,  -0.8724, 144.3502,
1024,-744.2158,  -0.7949, 140.8466,
1025,-745.8617,  -0.7198, 137.3336,
1026,-747.5046,  -0.6427, 133.8107,
1027,-749.1443,  -0.5663, 130.2779,
1028,-750.7803,  -0.4854, 126.7346,
1029,-752.4146,  -0.4000, 123.1820,
1030,-754.0472,  -0.3103, 119.6209,
1031,-755.6813,  -0.2201, 116.0527,
1032,-757.3154,  -0.1338, 112.4774,
1033,-758.9524,  -0.0516, 108.8954,
1034,-760.5921,   0.0271, 105.3066,
1035,-762.2346,   0.1082, 101.7104,
1036,-763.8789,   0.1910,  98.1067,
1037,-765.5231,   0.2734,  94.4954,
1038,-767.1677,   0.3565,  90.8762,
1039,-768.8109,   0.4384,  87.2484,
1040,-770.4523,   0.5179,  83.6119,
1041,-772.0909,   0.5974,  79.9659,
1042,-773.7246,   0.6798,  76.3089,
1043,-775.3521,   0.7676,  72.6408,
1044,-776.9730,   0.8586,  68.9619,
1045,-778.5861,   0.9495,  65.2724,
1046,-780.1898,   1.0371,  61.5723,
1047,-781.7832,   1.1217,  57.8600,
1048,-783.3625,   1.2013,  54.1342,
1049,-784.9261,   1.2792,  50.3935,
1050,-786.4680,   1.3519,  46.6366,
1051,-787.9863,   1.4161,  42.8625,
1052,-789.4778,   1.4736,  39.0699,
1053,-790.9402,   1.5238,  35.2582,
1054,-792.3739,   1.5618,  31.4286,
1055,-793.7819,   1.5804,  27.5831,
1056,-795.1644,   1.5776,  23.7211,
1057,-796.5198,   1.5565,  19.8413,
1058,-797.8469,   1.5214,  15.9425,
1059,-799.1462,   1.4764,  12.0248,
1060,-800.4155,   1.4210,   8.0883,
1061,-801.6536,   1.3523,   4.1332,
1062,-802.8569,   1.2728,   0.1579,
1063,-804.0264,   1.1870,  -3.8369,
1064,-805.1613,   1.0945,  -7.8503,
1065,-806.2584,   0.9962, -11.8832,
1066,-807.3134,   0.8964, -15.9365,
1067,-808.3184,   0.7943, -20.0116,
1068,-809.2667,   0.6897, -24.1097,
1069,-810.1552,   0.5880, -28.2308,
1070,-810.9892,   0.4933, -32.3720,
1071,-811.7701,   0.4055, -36.5320,
1072,-812.4990,   0.3265, -40.7093,
1073,-813.1783,   0.2503, -44.9020,
1074,-813.8051,   0.1781, -49.1106,
1075,-814.3797,   0.1085, -53.3342,
1076,-814.9009,   0.0455, -57.5730,
1077,-815.3667,  -0.0082, -61.8259,
1078,-815.7731,  -0.0550, -66.0916,
1079,-816.1138,  -0.0966, -70.3695,
1080,-816.3840,  -0.1338, -74.6585,
1081,-816.5818,  -0.1681, -78.9573,
1082,-816.7068,  -0.2025, -83.2638,
1083,-816.7579,  -0.2420, -87.5762,
1084,-816.7266,  -0.2839, -91.8924,
1085,-816.6104,  -0.3259, -96.2085,
1086,-816.4108,  -0.3684,-100.5218,
1087,-816.1299,  -0.4145,-104.8305,
1088,-815.7641,  -0.4619,-109.1338,
1089,-815.3117,  -0.5075,-113.4297,
1090,-814.7784,  -0.5549,-117.7177,
1091,-814.1639,  -0.6040,-121.9970,
1092,-813.4650,  -0.6512,-126.2663,
1093,-812.6792,  -0.6927,-130.5237,
1094,-811.8134,  -0.7338,-134.7687,
1095,-810.8670,  -0.7740,-139.0005,
1096,-809.8402,  -0.8123,-143.2179,
1097,-808.7321,  -0.8450,-147.4193,
1098,-807.5460,  -0.8751,-151.6034,
1099,-806.2825,  -0.9034,-155.7689,
1100,-804.9436,  -0.9314,-159.9147,
1101,-803.5295,  -0.9577,-164.0398,
1102,-802.0436,  -0.9837,-168.1442,
1103,-800.4858,  -1.0092,-172.2269,
1104,-798.8541,  -1.0312,-176.2861,
1105,-797.1481,  -1.0469,-180.3199,
1106,-795.3706,  -1.0569,-184.3277,
1107,-793.5252,  -1.0647,-188.3087,
1108,-791.6137,  -1.0700,-192.2629,
1109,-789.6387,  -1.0742,-196.1908,
1110,-787.5979,  -1.0753,-200.0903,
1111,-785.4905,  -1.0708,-203.9586,
1112,-783.3172,  -1.0620,-207.7952,
1113,-781.0801,  -1.0527,-211.5988,
1114,-778.7779,  -1.0421,-215.3681,
1115,-776.4089,  -1.0301,-219.1004,
1116,-773.9669,  -1.0109,-222.7904,
1117,-771.4594,  -0.9876,-226.4411,
1118,-768.8870,  -0.9613,-230.0514,
1119,-766.2507,  -0.9334,-233.6201,
1120,-763.5483,  -0.9013,-237.1438,
1121,-760.7818,  -0.8650,-240.6216,
1122,-757.9568,  -0.8287,-244.0556,
1123,-755.0754,  -0.7965,-247.4465,
1124,-752.1384,  -0.7677,-250.7939,
1125,-749.1473,  -0.7431,-254.0980,
1126,-746.1016,  -0.7234,-257.3569,
1127,-743.0013,  -0.7060,-260.5699,
1128,-739.8491,  -0.6893,-263.7382,
1129,-736.6481,  -0.6743,-266.8635,
1130,-733.4039,  -0.6644,-269.9502,
1131,-730.1185,  -0.6596,-272.9998,
1132,-726.7945,  -0.6596,-276.0143,
1133,-723.4329,  -0.6615,-278.9949,
1134,-720.0350,  -0.6630,-281.9426,
1135,-716.6007,  -0.6594,-284.8568,
1136,-713.1341,  -0.6525,-287.7397,
1137,-709.6383,  -0.6476,-290.5935,
1138,-706.1123,  -0.6440,-293.4181,
1139,-702.5541,  -0.6375,-296.2110,
1140,-698.9627,  -0.6250,-298.9702,
1141,-695.3391,  -0.6072,-301.6946,
1142,-691.6832,  -0.5877,-304.3824,
1143,-687.9946,  -0.5668,-307.0320,
1144,-684.2731,  -0.5453,-309.6427,
1145,-680.5192,  -0.5246,-312.2141,
1146,-676.7314,  -0.5031,-314.7434,
1147,-672.9107,  -0.4774,-317.2268,
1148,-669.0624,  -0.4496,-319.6644,
1149,-665.1904,  -0.4239,-322.0564,
1150,-661.2957,  -0.4040,-324.4038,
1151,-657.3762,  -0.3878,-326.7056,
1152,-653.4319,  -0.3738,-328.9609,
1153,-649.4614,  -0.3587,-331.1669,
1154,-645.4647,  -0.3412,-333.3235,
1155,-641.4426,  -0.3235,-335.4319,
1156,-637.3962,  -0.3085,-337.4948,
1157,-633.3249,  -0.2952,-339.5121,
1158,-629.2297,  -0.2839,-341.4848,
1159,-625.1102,  -0.2732,-343.4127,
1160,-620.9653,  -0.2589,-345.2931,
1161,-616.7955,  -0.2389,-347.1265,
1162,-612.6025,  -0.2143,-348.9143,
1163,-608.3889,  -0.1917,-350.6599,
1164,-604.1522,  -0.1673,-352.3593,
1165,-599.8931,  -0.1383,-354.0127,
1166,-595.6126,  -0.1072,-355.6207,
1167,-591.3101,  -0.0707,-357.1803,
1168,-586.9880,  -0.0324,-358.6944,
1169,-582.6474,   0.0031,-360.1649,
1170,-578.2883,   0.0348,-361.5910,
1171,-573.9099,   0.0642,-362.9710,
1172,-569.5128,   0.0958,-364.3051,
1173,-565.0988,   0.1292,-365.5971,
1174,-560.6689,   0.1627,-366.8483,
1175,-556.2233,   0.1966,-368.0575,
1176,-551.7623,   0.2302,-369.2251,
1177,-547.2858,   0.2642,-370.3484,
1178,-542.7928,   0.3003,-371.4225,
1179,-538.2840,   0.3389,-372.4456,
1180,-533.7604,   0.3775,-373.4181,
1181,-529.2217,   0.4174,-374.3371,
1182,-524.6690,   0.4594,-375.2036,
1183,-520.1038,   0.5020,-376.0215,
1184,-515.5272,   0.5447,-376.7939,
1185,-510.9396,   0.5864,-377.5240,
1186,-506.3414,   0.6306,-378.2130,
1187,-501.7334,   0.6787,-378.8640,
1188,-497.1164,   0.7305,-379.4782,
1189,-492.4912,   0.7809,-380.0578,
1190,-487.8577,   0.8333,-380.6032,
1191,-483.2172,   0.8844,-381.1175,
1192,-478.5700,   0.9309,-381.6023,
1193,-473.9158,   0.9727,-382.0572,
1194,-469.2552,   1.0084,-382.4835,
1195,-464.5883,   1.0366,-382.8817,
1196,-459.9153,   1.0557,-383.2516,
1197,-455.2351,   1.0693,-383.5900,
1198,-450.5485,   1.0779,-383.8965,
1199,-445.8561,   1.0772,-384.1742,
1200,-441.1583,   1.0657,-384.4239,
1201,-436.4552,   1.0432,-384.6469,
1202,-431.7463,   1.0114,-384.8443,
1203,-427.0316,   0.9709,-385.0187,
1204,-422.3110,   0.9222,-385.1713,
1205,-417.5844,   0.8683,-385.3033,
1206,-412.8514,   0.8132,-385.4163,
1207,-408.1127,   0.7589,-385.5134,
1208,-403.3684,   0.7060,-385.5957,
1209,-398.6184,   0.6539,-385.6652,
1210,-393.8633,   0.6089,-385.7234,
1211,-389.1044,   0.5585,-385.7758,
1212,-384.3399,   0.5070,-385.8192,
1213,-379.5702,   0.4573,-385.8553,
1214,-374.7952,   0.4104,-385.8858,
1215,-370.0149,   0.3667,-385.9118,
1216,-365.2292,   0.3286,-385.9353,
1217,-360.4391,   0.2951,-385.9585,
1218,-355.6443,   0.2649,-385.9822,
1219,-350.8452,   0.2390,-386.0083,
1220,-346.0418,   0.2183,-386.0379,
1221,-341.2342,   0.2008,-386.0718,
1222,-336.4228,   0.1837,-386.1087,
1223,-331.6073,   0.1684,-386.1494,
1224,-326.7874,   0.1562,-386.1942,
1225,-321.9635,   0.1472,-386.2426,
1226,-317.1357,   0.1409,-386.2928,
1227,-312.3036,   0.1375,-386.3436,
1228,-307.4673,   0.1374,-386.3932,
1229,-302.6269,   0.1399,-386.4398,
1230,-297.7826,   0.1434,-386.4836,
1231,-292.9345,   0.1451,-386.5243,
1232,-288.0825,   0.1451,-386.5608,
1233,-283.2264,   0.1456,-386.5927,
1234,-278.3665,   0.1463,-386.6203,
1235,-273.5030,   0.1463,-386.6445,
1236,-268.6355,   0.1462,-386.6668,
1237,-263.7640,   0.1464,-386.6883,
1238,-258.8887,   0.1461,-386.7092,
1239,-254.0095,   0.1456,-386.7302,
1240,-249.1263,   0.1456,-386.7522,
1241,-244.2391,   0.1470,-386.7750,
1242,-239.3480,   0.1504,-386.7979,
1243,-234.4531,   0.1553,-386.8201,
1244,-229.5547,   0.1609,-386.8405,
1245,-224.6525,   0.1681,-386.8575,
1246,-219.7468,   0.1757,-386.8694,
1247,-214.8382,   0.1786,-386.8761,
1248,-209.9261,   0.1763,-386.8769,
1249,-205.0103,   0.1715,-386.8725,
1250,-200.0905,   0.1670,-386.8636,
1251,-195.1668,   0.1635,-386.8515,
1252,-190.2393,   0.1599,-386.8370,
1253,-185.3081,   0.1570,-386.8213,
1254,-180.3731,   0.1549,-386.8054,
1255,-175.4344,   0.1541,-386.7899,
1256,-170.4919,   0.1550,-386.7754,
1257,-165.5456,   0.1559,-386.7614,
1258,-160.5956,   0.1562,-386.7477,
1259,-155.6420,   0.1583,-386.7349,
1260,-150.6854,   0.1582,-386.7232,
1261,-145.7255,   0.1541,-386.7119,
1262,-140.7623,   0.1473,-386.7008,
1263,-135.7951,   0.1409,-386.6904,
1264,-130.8240,   0.1368,-386.6807,
1265,-125.8495,   0.1328,-386.6711,
1266,-120.8713,   0.1287,-386.6617,
1267,-115.8893,   0.1278,-386.6526,
1268,-110.9035,   0.1318,-386.6441,
1269,-105.9146,   0.1386,-386.6363,
1270,-100.9233,   0.1413,-386.6285,
1271, -95.9286,   0.1407,-386.6209,
1272, -90.9306,   0.1384,-386.6138,
1273, -85.9286,   0.1404,-386.6069,
1274, -80.9229,   0.1489,-386.6004,
1275, -75.9141,   0.1591,-386.5946,
1276, -70.9027,   0.1674,-386.5891,
1277, -65.8888,   0.1720,-386.5845,
1278, -60.8721,   0.1711,-386.5804,
1279, -55.8522,   0.1661,-386.5757,
1280, -50.8288,   0.1605,-386.5712,
1281, -45.8020,   0.1553,-386.5679,
1282, -40.7718,   0.1503,-386.5646,
1283, -35.7384,   0.1451,-386.5617,
1284, -30.7015,   0.1400,-386.5597,
1285, -25.6609,   0.1360,-386.5580,
1286, -20.6167,   0.1352,-386.5567,
1287, -15.5689,   0.1384,-386.5555,
1288, -10.5176,   0.1452,-386.5551,
1289,  -5.4634,   0.1542,-386.5547,
1290,  -0.4066,   0.1627,-386.5544,
1291,   4.6529,   0.1701,-386.5545,
1292,   9.7149,   0.1742,-386.5554,
1293,  14.7792,   0.1716,-386.5561,
1294,  19.8466,   0.1634,-386.5566,
1295,  24.9178,   0.1545,-386.5581,
1296,  29.9924,   0.1472,-386.5596,
1297,  35.0707,   0.1435,-386.5607,
1298,  40.1524,   0.1456,-386.5618,
1299,  45.2373,   0.1517,-386.5632,
1300,  50.3252,   0.1616,-386.5644,
1301,  55.4155,   0.1719,-386.5656,
1302,  60.5081,   0.1798,-386.5671,
1303,  65.6031,   0.1820,-386.5687,
1304,  70.7009,   0.1793,-386.5698,
1305,  75.8016,   0.1723,-386.5705,
1306,  80.9053,   0.1613,-386.5707,
1307,  86.0125,   0.1518,-386.5709,
1308,  91.1233,   0.1482,-386.5710,
1309,  96.2370,   0.1496,-386.5706,
1310, 101.3532,   0.1498,-386.5695,
1311, 106.4720,   0.1478,-386.5681,
1312, 111.5937,   0.1454,-386.5667,
1313, 116.7186,   0.1434,-386.5647,
1314, 121.8463,   0.1416,-386.5628,
1315, 126.9768,   0.1384,-386.5604,
1316, 132.1102,   0.1345,-386.5575,
1317, 137.2467,   0.1321,-386.5538,
1318, 142.3863,   0.1326,-386.5497,
1319, 147.5289,   0.1385,-386.5450,
1320, 152.6742,   0.1481,-386.5406,
1321, 157.8217,   0.1578,-386.5355,
1322, 162.9714,   0.1652,-386.5295,
1323, 168.1237,   0.1697,-386.5232,
1324, 173.2785,   0.1704,-386.5168,
1325, 178.4362,   0.1697,-386.5100,
1326, 183.5967,   0.1694,-386.5028,
1327, 188.7597,   0.1675,-386.4954,
1328, 193.9253,   0.1628,-386.4872,
1329, 199.0936,   0.1554,-386.4786,
1330, 204.2648,   0.1494,-386.4698,
1331, 209.4391,   0.1455,-386.4607,
1332, 214.6160,   0.1427,-386.4509,
1333, 219.7954,   0.1399,-386.4409,
1334, 224.9775,   0.1389,-386.4304,
1335, 230.1620,   0.1406,-386.4197,
1336, 235.3491,   0.1454,-386.4088,
1337, 240.5387,   0.1530,-386.3980,
1338, 245.7304,   0.1600,-386.3878,
1339, 250.9237,   0.1610,-386.3785,
1340, 256.1195,   0.1560,-386.3714,
1341, 261.3181,   0.1509,-386.3672,
1342, 266.5194,   0.1474,-386.3665,
1343, 271.7230,   0.1451,-386.3692,
1344, 276.9292,   0.1449,-386.3763,
1345, 282.1379,   0.1466,-386.3874,
1346, 287.3492,   0.1491,-386.4031,
1347, 292.5631,   0.1540,-386.4227,
1348, 297.7796,   0.1609,-386.4452,
1349, 302.9980,   0.1663,-386.4711,
1350, 308.2185,   0.1698,-386.4998,
1351, 313.4413,   0.1711,-386.5311,
1352, 318.6664,   0.1700,-386.5651,
1353, 323.8939,   0.1685,-386.6015,
1354, 329.1237,   0.1675,-386.6402,
1355, 334.3555,   0.1644,-386.6809,
1356, 339.5891,   0.1547,-386.7238,
1357, 344.8253,   0.1415,-386.7686,
1358, 350.0650,   0.1336,-386.8151,
1359, 355.3078,   0.1347,-386.8632,
1360, 360.5526,   0.1403,-386.9123,
1361, 365.7988,   0.1408,-386.9619,
1362, 371.0473,   0.1373,-387.0120,
1363, 376.2982,   0.1314,-387.0618,
1364, 381.5518,   0.1260,-387.1120,
1365, 386.8083,   0.1244,-387.1620,
1366, 392.0676,   0.1298,-387.2123,
1367, 397.3291,   0.1405,-387.2632,
1368, 402.5921,   0.1479,-387.3133,
1369, 407.8571,   0.1522,-387.3632,
1370, 413.1245,   0.1578,-387.4141,
1371, 418.3936,   0.1607,-387.4647,
1372, 423.6647,   0.1591,-387.5147,
1373, 428.9379,   0.1556,-387.5648,
1374, 434.2133,   0.1504,-387.6157,
1375, 439.4909,   0.1438,-387.6660,
1376, 444.7709,   0.1378,-387.7163,
1377, 450.0537,   0.1357,-387.7667,
1378, 455.3390,   0.1373,-387.8169,
1379, 460.6264,   0.1419,-387.8662,
1380, 465.9161,   0.1499,-387.9148,
1381, 471.2082,   0.1634,-387.9623,
1382, 476.5017,   0.1769,-388.0074,
1383, 481.7971,   0.1884,-388.0485,
1384, 487.0955,   0.2071,-388.0827,
1385, 492.3957,   0.2347,-388.1088,
1386, 497.6971,   0.2675,-388.1259,
1387, 502.9999,   0.3052,-388.1300,
1388, 508.3040,   0.3483,-388.1201,
1389, 513.6091,   0.3938,-388.0960,
1390, 518.9154,   0.4421,-388.0557,
1391, 524.2235,   0.5005,-387.9958,
1392, 529.5314,   0.5680,-387.9175,
1393, 534.8253,   0.6327,-387.8234,
1394, 540.0803,   0.6909,-387.7126,
1395, 545.2792,   0.7432,-387.5849,
1396, 550.4167,   0.7883,-387.4381,
1397, 555.4905,   0.8264,-387.2713,
1398, 560.5004,   0.8585,-387.0741,
1399, 565.4452,   0.8874,-386.8346,
1400, 570.3259,   0.9131,-386.5432,
1401, 575.1420,   0.9358,-386.1915,
1402, 579.8906,   0.9561,-385.7731,
1403, 584.5759,   0.9681,-385.2931,
1404, 589.2023,   0.9655,-384.7612,
1405, 593.7681,   0.9478,-384.1761,
1406, 598.2715,   0.9125,-383.5369,
1407, 602.7097,   0.8609,-382.8422,
1408, 607.0771,   0.7990,-382.0867,
1409, 611.3714,   0.7323,-381.2690,
1410, 615.5972,   0.6589,-380.3936,
1411, 619.7538,   0.5756,-379.4588,
1412, 623.8341,   0.4873,-378.4556,
1413, 627.8336,   0.4019,-377.3771,
1414, 631.7579,   0.3159,-376.2279,
1415, 635.6190,   0.2282,-374.9941,
1416, 639.4283,   0.1404,-373.6675,
1417, 643.1811,   0.0525,-372.2528,
1418, 646.8724,  -0.0334,-370.7439,
1419, 650.5038,  -0.1177,-369.1415,
1420, 654.0710,  -0.1997,-367.4462,
1421, 657.5697,  -0.2741,-365.6546,
1422, 660.9957,  -0.3383,-363.7682,
1423, 664.3492,  -0.3958,-361.7935,
1424, 667.6273,  -0.4454,-359.7343,
1425, 670.8333,  -0.4954,-357.6009,
1426, 673.9637,  -0.5446,-355.3943,
1427, 677.0203,  -0.5947,-353.1196,
1428, 679.9984,  -0.6427,-350.7757,
1429, 682.8972,  -0.6886,-348.3657,
1430, 685.7146,  -0.7323,-345.8925,
1431, 688.4486,  -0.7754,-343.3598,
1432, 691.0988,  -0.8193,-340.7719,
1433, 693.6651,  -0.8652,-338.1327,
1434, 696.1393,  -0.9074,-335.4409,
1435, 698.5223,  -0.9457,-332.6985,
1436, 700.8105,  -0.9789,-329.9073,
1437, 703.0033,  -1.0073,-327.0699,
1438, 705.1019,  -1.0335,-324.1906,
1439, 707.1074,  -1.0594,-321.2716,
1440, 709.0210,  -1.0863,-318.3155,
1441, 710.8401,  -1.1118,-315.3234,
1442, 712.5668,  -1.1384,-312.2979,
1443, 714.1972,  -1.1637,-309.2402,
1444, 715.7317,  -1.1886,-306.1530,
1445, 717.1694,  -1.2124,-303.0386,
1446, 718.5115,  -1.2365,-299.8995,
1447, 719.7595,  -1.2623,-296.7388,
1448, 720.9117,  -1.2890,-293.5582,
1449, 721.9699,  -1.3182,-290.3607,
1450, 722.9300,  -1.3471,-287.1475,
1451, 723.7924,  -1.3749,-283.9213,
1452, 724.5594,  -1.4041,-280.6851,
1453, 725.2336,  -1.4375,-277.4407,
1454, 725.8151,  -1.4746,-274.1904,
1455, 726.3015,  -1.5139,-270.9362,
1456, 726.6910,  -1.5528,-267.6801,
1457, 726.9808,  -1.5880,-264.4237,
1458, 727.1734,  -1.6208,-261.1702,
1459, 727.2745,  -1.6551,-257.9209,
1460, 727.2875,  -1.6928,-254.6768,
1461, 727.2090,  -1.7329,-251.4398,
1462, 727.0381,  -1.7737,-248.2118,
1463, 726.7752,  -1.8146,-244.9942,
1464, 726.4229,  -1.8569,-241.7876,
1465, 725.9821,  -1.8978,-238.5927,
1466, 725.4610,  -1.9347,-235.4081,
1467, 724.8726,  -1.9685,-232.2317,
1468, 724.2200,  -1.9970,-229.0621,
1469, 723.5028,  -2.0219,-225.9006,
1470, 722.7158,  -2.0470,-222.7496,
1471, 721.8557,  -2.0726,-219.6114,
1472, 720.9174,  -2.0956,-216.4894,
1473, 719.8974,  -2.1156,-213.3875,
1474, 718.7924,  -2.1327,-210.3102,
1475, 717.6039,  -2.1498,-207.2609,
1476, 716.3322,  -2.1681,-204.2427,
1477, 714.9780,  -2.1869,-201.2577,
1478, 713.5386,  -2.2033,-198.3097,
1479, 712.0170,  -2.2191,-195.3995,
1480, 710.4161,  -2.2364,-192.5278,
1481, 708.7374,  -2.2572,-189.6961,
1482, 706.9795,  -2.2796,-186.9077,
1483, 705.1416,  -2.3021,-184.1653,
1484, 703.2228,  -2.3225,-181.4731,
1485, 701.2249,  -2.3419,-178.8330,
1486, 699.1475,  -2.3583,-176.2489,
1487, 696.9944,  -2.3736,-173.7216,
1488, 694.7673,  -2.3881,-171.2533,
1489, 692.4705,  -2.4049,-168.8438,
1490, 690.1038,  -2.4228,-166.4968,
1491, 687.6665,  -2.4393,-164.2181,
1492, 685.1594,  -2.4503,-162.0128,
1493, 682.5901,  -2.4609,-159.8794,
1494, 679.9612,  -2.4735,-157.8195,
1495, 677.2742,  -2.4854,-155.8374,
1496, 674.5338,  -2.4953,-153.9324,
1497, 671.7451,  -2.4989,-152.1015,
1498, 668.9164,  -2.5007,-150.3384,
1499, 666.0500,  -2.5028,-148.6427,
1500, 663.1556,  -2.5002,-146.9984,
1501, 660.2562,  -2.4848,-145.3626,
1502, 657.3787,  -2.4438,-143.6949,
1503, 654.5202,  -2.3740,-142.0006,
1504, 651.6850,  -2.2876,-140.2689,
1505, 648.8851,  -2.1806,-138.4871,
1506, 646.1257,  -2.0458,-136.6550,
1507, 643.4040,  -1.8836,-134.7818,
1508, 640.7170,  -1.7032,-132.8733,
1509, 638.0546,  -1.5045,-130.9413,
1510, 635.3987,  -1.2916,-129.0123,
1511, 632.7202,  -1.0755,-127.1306,
1512, 630.0179,  -0.8696,-125.3027,
1513, 627.4356,  -0.7209,-123.7554,
1514, 625.4048,  -0.7280,-123.1665,
1515, 623.3640,  -0.7828,-122.5869,
1516, 621.4109,  -0.8895,-122.2382,
1517, 619.4476,  -0.9914,-121.9418,
1518, 617.4380,  -1.0669,-121.6470,
1519, 615.3852,  -1.1283,-121.3675,
1520, 613.2955,  -1.1899,-121.1098,
1521, 611.1689,  -1.2543,-120.8727,
1522, 609.0082,  -1.3202,-120.6512,
1523, 606.8219,  -1.3852,-120.4422,
1524, 604.6239,  -1.4472,-120.2480,
1525, 602.4518,  -1.5129,-120.1042,
1526, 600.3136,  -1.5836,-120.0166,
1527, 598.1758,  -1.6588,-119.9643,
1528, 596.0369,  -1.7468,-119.9462,
1529, 593.8906,  -1.8288,-119.9290,
1530, 591.7352,  -1.8960,-119.9234,
1531, 589.5717,  -1.9559,-119.9483,
1532, 587.4062,  -2.0073,-120.0029,
1533, 585.2372,  -2.0642,-120.0748,
1534, 583.0716,  -2.1181,-120.1850,
1535, 580.9057,  -2.1642,-120.3201,
1536, 578.7459,  -2.2265,-120.4943,
1537, 576.5878,  -2.2981,-120.6992,
1538, 574.4393,  -2.3593,-120.9399,
1539, 572.2987,  -2.4154,-121.2144,
1540, 570.1689,  -2.4745,-121.5343,
1541, 568.0398,  -2.5402,-121.8857,
1542, 565.9038,  -2.6046,-122.2404,
1543, 563.7562,  -2.6621,-122.5707,
1544, 561.5920,  -2.7086,-122.8616,
1545, 559.4108,  -2.7376,-123.1077,
1546, 557.2158,  -2.7566,-123.3196,
1547, 555.0071,  -2.7742,-123.4968,
1548, 552.7830,  -2.7915,-123.6347,
1549, 550.5428,  -2.8086,-123.7308,
1550, 548.2870,  -2.8284,-123.7835,
1551, 546.0153,  -2.8512,-123.7890,
1552, 543.7273,  -2.8748,-123.7442,
1553, 541.4244,  -2.8997,-123.6484,
1554, 539.1075,  -2.9272,-123.5013,
1555, 536.7772,  -2.9566,-123.3016,
1556, 534.4345,  -2.9888,-123.0504,
1557, 532.0801,  -3.0246,-122.7486,
1558, 529.7138,  -3.0616,-122.3955,
1559, 527.3364,  -3.0997,-121.9946,
1560, 524.9479,  -3.1409,-121.5511,
1561, 522.5473,  -3.1847,-121.0696,
1562, 520.1340,  -3.2318,-120.5558,
1563, 517.7073,  -3.2814,-120.0136,
1564, 515.2665,  -3.3319,-119.4453,
1565, 512.8118,  -3.3844,-118.8536,
1566, 510.3436,  -3.4388,-118.2374,
1567, 507.8620,  -3.4941,-117.5963,
1568, 505.3673,  -3.5505,-116.9308,
1569, 502.8598,  -3.6077,-116.2410,
1570, 500.3395,  -3.6661,-115.5282,
1571, 497.8068,  -3.7264,-114.7924,
1572, 495.2614,  -3.7889,-114.0351,
1573, 492.7033,  -3.8530,-113.2564,
1574, 490.1326,  -3.9170,-112.4553,
1575, 487.5495,  -3.9793,-111.6315,
1576, 484.9547,  -4.0400,-110.7854,
1577, 482.3484,  -4.1010,-109.9181,
1578, 479.7314,  -4.1637,-109.0286,
1579, 477.1045,  -4.2273,-108.1130,
1580, 474.4692,  -4.2928,-107.1694,
1581, 471.8259,  -4.3573,-106.1954,
1582, 469.1761,  -4.4205,-105.1891,
1583, 466.5210,  -4.4858,-104.1503,
1584, 463.8610,  -4.5535,-103.0784,
1585, 461.1957,  -4.6215,-101.9729,
1586, 458.5244,  -4.6873,-100.8356,
1587, 455.8476,  -4.7524, -99.6690,
1588, 453.1653,  -4.8192, -98.4747,
1589, 450.4767,  -4.8862, -97.2531,
1590, 447.7816,  -4.9513, -96.0048,
1591, 445.0800,  -5.0139, -94.7308,
1592, 442.3724,  -5.0767, -93.4323,
1593, 439.6592,  -5.1418, -92.1093,
1594, 436.9405,  -5.2085, -90.7612,
1595, 434.2165,  -5.2745, -89.3873,
1596, 431.4873,  -5.3392, -87.9879,
1597, 428.7540,  -5.4033, -86.5622,
1598, 426.0175,  -5.4655, -85.1091,
1599, 423.2779,  -5.5248, -83.6290,
1600, 420.5359,  -5.5817, -82.1221,
1601, 417.7918,  -5.6392, -80.5890,
1602, 415.0468,  -5.6985, -79.0280,
1603, 412.3018,  -5.7589, -77.4368,
1604, 409.5575,  -5.8178, -75.8142,
1605, 406.8151,  -5.8755, -74.1601,
1606, 404.0757,  -5.9343, -72.4745,
1607, 401.3405,  -5.9946, -70.7564,
1608, 398.6114,  -6.0540, -69.0042,
1609, 395.8918,  -6.1131, -67.2209,
1610, 393.1868,  -6.1714, -65.4090,
1611, 390.4991,  -6.2275, -63.5701,
1612, 387.8296,  -6.2834, -61.7055,
1613, 385.1764,  -6.3396, -59.8126,
1614, 382.5395,  -6.3941, -57.8894,
1615, 379.9190,  -6.4477, -55.9367,
1616, 377.3144,  -6.5025, -53.9546,
1617, 374.7249,  -6.5605, -51.9431,
1618, 372.1493,  -6.6219, -49.9020,
1619, 369.5869,  -6.6845, -47.8298,
1620, 367.0371,  -6.7460, -45.7263,
1621, 364.4989,  -6.8075, -43.5927,
1622, 361.9720,  -6.8700, -41.4293,
1623, 359.4570,  -6.9314, -39.2345,
1624, 356.9532,  -6.9876, -37.0085,
1625, 354.4598,  -7.0390, -34.7533,
1626, 351.9773,  -7.0892, -32.4694,
1627, 349.5057,  -7.1378, -30.1564,
1628, 347.0455,  -7.1831, -27.8140,
1629, 344.5970,  -7.2258, -25.4425,
1630, 342.1604,  -7.2679, -23.0428,
1631, 339.7355,  -7.3099, -20.6149,
1632, 337.3233,  -7.3507, -18.1583,
1633, 334.9233,  -7.3912, -15.6741,
1634, 332.5355,  -7.4315, -13.1623,
1635, 330.1611,  -7.4700, -10.6216,
1636, 327.8005,  -7.5055,  -8.0521,
1637, 325.4538,  -7.5382,  -5.4544,
1638, 323.1216,  -7.5674,  -2.8284,
1639, 320.8048,  -7.5943,  -0.1744,
1640, 318.5030,  -7.6192,   2.5073,
1641, 316.2153,  -7.6431,   5.2151,
1642, 313.9442,  -7.6650,   7.9509,
1643, 311.6905,  -7.6849,  10.7148,
1644, 309.4534,  -7.7045,  13.5057,
1645, 307.2328,  -7.7252,  16.3228,
1646, 305.0296,  -7.7461,  19.1670,
1647, 302.8435,  -7.7677,  22.0376,
1648, 300.6746,  -7.7918,  24.9341,
1649, 298.5235,  -7.8178,  27.8569,
1650, 296.3898,  -7.8474,  30.8051,
1651, 294.2747,  -7.8796,  33.7798,
1652, 292.1781,  -7.9129,  36.7801,
1653, 290.0990,  -7.9481,  39.8051,
1654, 288.0370,  -7.9831,  42.8543,
1655, 285.9908,  -8.0185,  45.9267,
1656, 283.9604,  -8.0526,  49.0222,
1657, 281.9450,  -8.0846,  52.1399,
1658, 279.9429,  -8.1122,  55.2787,
1659, 277.9531,  -8.1367,  58.4371,
1660, 275.9751,  -8.1595,  61.6145,
1661, 274.0081,  -8.1794,  64.8105,
1662, 272.0523,  -8.1949,  68.0250,
1663, 270.1074,  -8.2051,  71.2577,
1664, 268.1731,  -8.2127,  74.5074,
1665, 266.2496,  -8.2209,  77.7740,
1666, 264.3365,  -8.2316,  81.0569,
1667, 262.4336,  -8.2450,  84.3563,
1668, 260.5420,  -8.2585,  87.6736,
1669, 258.6622,  -8.2700,  91.0087,
1670, 256.7939,  -8.2783,  94.3613,
1671, 254.9379,  -8.2814,  97.7316,
1672, 253.0946,  -8.2794, 101.1194,
1673, 251.2624,  -8.2781, 104.5226,
1674, 249.4415,  -8.2786, 107.9416,
1675, 247.6323,  -8.2796, 111.3769,
1676, 245.8346,  -8.2813, 114.8283,
1677, 244.0468,  -8.2849, 118.2948,
1678, 242.2688,  -8.2889, 121.7766,
1679, 240.5006,  -8.2898, 125.2740,
1680, 238.7409,  -8.2842, 128.7863,
1681, 236.9890,  -8.2756, 132.3118,
1682, 235.2430,  -8.2705, 135.8491,
1683, 233.5020,  -8.2669, 139.3986,
1684, 231.7667,  -8.2632, 142.9608,
1685, 230.0351,  -8.2590, 146.5344,
1686, 228.3073,  -8.2554, 150.1192,
1687, 226.5834,  -8.2536, 153.7153,
1688, 224.8628,  -8.2535, 157.3224,
1689, 223.1446,  -8.2554, 160.9402,
1690, 221.4274,  -8.2603, 164.5676,
1691, 219.7104,  -8.2677, 168.2047,
1692, 217.9917,  -8.2740, 171.8511,
1693, 216.2678,  -8.2756, 175.5055,
1694, 214.5367,  -8.2717, 179.1660,
1695, 212.7964,  -8.2671, 182.8308,
1696, 211.0442,  -8.2639, 186.4986,
1697, 209.2776,  -8.2616, 190.1684,
1698, 207.4949,  -8.2599, 193.8394,
1699, 205.6967,  -8.2598, 197.5116,
1700, 203.8820,  -8.2610, 201.1837,
1701, 202.0592,  -8.2597, 204.8360,
1702, 200.2427,  -8.2537, 208.4436,
1703, 198.4387,  -8.2414, 211.9953,
1704, 196.6470,  -8.2215, 215.4868,
1705, 194.8645,  -8.1949, 218.9147,
1706, 193.0876,  -8.1633, 222.2752,
1707, 191.3139,  -8.1304, 225.5664,
1708, 189.5422,  -8.1009, 228.7908,
1709, 187.7677,  -8.0744, 231.9553,
1710, 185.9881,  -8.0482, 235.0541,
1711, 184.2068,  -8.0226, 238.0807,
1712, 182.4277,  -8.0032, 241.0386,
1713, 180.6528,  -7.9916, 243.9276,
1714, 178.8849,  -7.9837, 246.7448,
1715, 177.1263,  -7.9751, 249.4898,
1716, 175.3765,  -7.9668, 252.1614,
1717, 173.6363,  -7.9597, 254.7607,
1718, 171.9027,  -7.9542, 257.2867,
1719, 170.1721,  -7.9492, 259.7380,
1720, 168.4423,  -7.9467, 262.1148,
1721, 166.7106,  -7.9471, 264.4172,
1722, 164.9648,  -7.9493, 266.6529,
1723, 163.1837,  -7.9551, 268.8376,
1724, 161.3679,  -7.9648, 270.9667,
1725, 159.5183,  -7.9775, 273.0331,
1726, 157.6252,  -7.9930, 275.0415,
1727, 155.6888,  -8.0107, 276.9900,
1728, 153.7090,  -8.0316, 278.8786,
1729, 151.6853,  -8.0539, 280.7052,
1730, 149.6183,  -8.0767, 282.4676,
1731, 147.5103,  -8.1014, 284.1660,
1732, 145.3621,  -8.1295, 285.7999,
1733, 143.1725,  -8.1581, 287.3647,
1734, 140.9435,  -8.1858, 288.8600,
1735, 138.6761,  -8.2119, 290.2863,
1736, 136.3713,  -8.2349, 291.6426,
1737, 134.0316,  -8.2546, 292.9284,
1738, 131.6604,  -8.2716, 294.1438,
1739, 129.2611,  -8.2869, 295.2897,
1740, 126.8359,  -8.3015, 296.3680,
1741, 124.3865,  -8.3162, 297.3811,
1742, 121.9145,  -8.3299, 298.3301,
1743, 119.4225,  -8.3405, 299.2147,
1744, 116.9142,  -8.3476, 300.0366,
1745, 114.3929,  -8.3522, 300.7989,
1746, 111.8611,  -8.3568, 301.5043,
1747, 109.3200,  -8.3621, 302.1525,
1748, 106.7710,  -8.3666, 302.7413,
1749, 104.2155,  -8.3698, 303.2693,
1750, 101.6553,  -8.3727, 303.7356,
1751,  99.0919,  -8.3758, 304.1385,
1752,  96.5267,  -8.3782, 304.4741,
1753,  93.9619,  -8.3791, 304.7400,
1754,  91.3996,  -8.3784, 304.9359,
1755,  88.8420,  -8.3757, 305.0605,
1756,  86.2914,  -8.3719, 305.1119,
1757,  83.7504,  -8.3686, 305.0894,
1758,  81.2208,  -8.3656, 304.9918,
1759,  78.7059,  -8.3613, 304.8186,
1760,  76.2079,  -8.3558, 304.5702,
1761,  73.7299,  -8.3487, 304.2461,
1762,  71.2741,  -8.3408, 303.8474,
1763,  68.8434,  -8.3325, 303.3738,
1764,  66.4401,  -8.3232, 302.8250,
1765,  64.0674,  -8.3120, 302.2017,
1766,  61.7272,  -8.2999, 301.5070,
1767,  59.4219,  -8.2881, 300.7416,
1768,  57.1537,  -8.2777, 299.9075,
1769,  54.9237,  -8.2696, 299.0063,
1770,  52.7340,  -8.2633, 298.0391,
1771,  50.5858,  -8.2578, 297.0070,
1772,  48.4809,  -8.2527, 295.9104,
1773,  46.4199,  -8.2473, 294.7491,
1774,  44.4024,  -8.2429, 293.5252,
1775,  42.4289,  -8.2395, 292.2395,
1776,  40.5000,  -8.2362, 290.8916,
1777,  38.6158,  -8.2327, 289.4832,
1778,  36.7769,  -8.2292, 288.0154,
1779,  34.9841,  -8.2253, 286.4890,
1780,  33.2365,  -8.2223, 284.9073,
1781,  31.5331,  -8.2213, 283.2731,
1782,  29.8757,  -8.2210, 281.5862,
1783,  28.2656,  -8.2195, 279.8473,
1784,  26.7017,  -8.2164, 278.0596,
1785,  25.1828,  -8.2132, 276.2266,
1786,  23.7100,  -8.2103, 274.3487,
1787,  22.2843,  -8.2065, 272.4264,
1788,  20.9052,  -8.2012, 270.4620,
1789,  19.5716,  -8.1951, 268.4576,
1790,  18.2847,  -8.1879, 266.4133,
1791,  17.0449,  -8.1781, 264.3292,
1792,  15.8521,  -8.1642, 262.2052,
1793,  14.7059,  -8.1460, 260.0421,
1794,  13.6058,  -8.1237, 257.8407,
1795,  12.5512,  -8.0980, 255.6026,
1796,  11.5421,  -8.0693, 253.3284,
1797,  10.5790,  -8.0359, 251.0185,
1798,   9.6611,  -7.9987, 248.6751,
1799,   8.7877,  -7.9603, 246.2998,
1800,   7.9596,  -7.9198, 243.8930,
1801,   7.1775,  -7.8762, 241.4556,
1802,   6.4419,  -7.8295, 238.9890,
1803,   5.7542,  -7.7796, 236.4941,
1804,   5.1148,  -7.7254, 233.9715,
1805,   4.5223,  -7.6686, 231.4233,
1806,   3.9761,  -7.6119, 228.8508,
1807,   3.4769,  -7.5555, 226.2546,
1808,   3.0241,  -7.5000, 223.6359,
1809,   2.6156,  -7.4469, 220.9957,
1810,   2.2510,  -7.3954, 218.3345,
1811,   1.9293,  -7.3456, 215.6530,
1812,   1.6494,  -7.2965, 212.9519,
1813,   1.4080,  -7.2453, 210.2320,
1814,   1.1988,  -7.1912, 207.4941,
1815,   1.0138,  -7.1370, 204.7487,
1816,   0.8431,  -7.0846, 202.0296,
1817,   0.6744,  -7.0341, 199.3549,
1818,   0.4964,  -6.9839, 196.7119,
1819,   0.2980,  -6.9310, 194.0953,
1820,   0.0687,  -6.8741, 191.4964,
1821,  -0.1984,  -6.8125, 188.9093,
1822,  -0.5050,  -6.7486, 186.3358,
1823,  -0.8521,  -6.6837, 183.7754,
1824,  -1.2411,  -6.6187, 181.2316,
1825,  -1.6719,  -6.5543, 178.7123,
1826,  -2.1462,  -6.4927, 176.2100,
1827,  -2.6690,  -6.4335, 173.7287,
1828,  -3.2377,  -6.3728, 171.2944,
1829,  -3.8489,  -6.3100, 168.9157,
1830,  -4.5054,  -6.2458, 166.5904,
1831,  -5.2190,  -6.1793, 164.3071,
1832,  -5.9934,  -6.1131, 162.0597,
1833,  -6.8217,  -6.0478, 159.8619,
1834,  -7.7060,  -5.9813, 157.7175,
1835,  -8.6526,  -5.9135, 155.6168,
1836,  -9.6585,  -5.8468, 153.5597,
1837, -10.7232,  -5.7821, 151.5465,
1838, -11.8480,  -5.7183, 149.5795,
1839, -13.0316,  -5.6547, 147.6597,
1840, -14.2722,  -5.5917, 145.7871,
1841, -15.5697,  -5.5291, 143.9632,
1842, -16.9250,  -5.4654, 142.1905,
1843, -18.3345,  -5.4023, 140.4678,
1844, -19.7991,  -5.3380, 138.7961,
1845, -21.3174,  -5.2706, 137.1763,
1846, -22.8857,  -5.1993, 135.6066,
1847, -24.5008,  -5.1228, 134.0850,
1848, -26.1558,  -5.0433, 132.6037,
1849, -27.8432,  -4.9659, 131.1523,
1850, -29.5616,  -4.8922, 129.7262,
1851, -31.3116,  -4.8218, 128.3243,
1852, -33.0951,  -4.7537, 126.9481,
1853, -34.9115,  -4.6879, 125.5993,
1854, -36.7578,  -4.6261, 124.2809,
1855, -38.6319,  -4.5702, 122.9963,
1856, -40.5330,  -4.5193, 121.7486,
1857, -42.4604,  -4.4726, 120.5406,
1858, -44.4141,  -4.4299, 119.3763,
1859, -46.3927,  -4.3908, 118.2592,
1860, -48.3939,  -4.3571, 117.1895,
1861, -50.4177,  -4.3264, 116.1734,
1862, -52.4618,  -4.3001, 115.2117,
1863, -54.5245,  -4.2797, 114.3048,
1864, -56.6045,  -4.2637, 113.4552,
1865, -58.7006,  -4.2528, 112.6639,
1866, -60.8139,  -4.2456, 111.9362,
1867, -62.9459,  -4.2394, 111.2771,
1868, -65.0966,  -4.2305, 110.6918,
1869, -67.2646,  -4.2190, 110.1776,
1870, -69.4496,  -4.2054, 109.7344,
1871, -71.6508,  -4.1909, 109.3618,
1872, -73.8663,  -4.1788, 109.0558,
1873, -76.0953,  -4.1696, 108.8176,
1874, -78.3365,  -4.1624, 108.6481,
1875, -80.5888,  -4.1564, 108.5478,
1876, -82.8513,  -4.1511, 108.5169,
1877, -85.1233,  -4.1465, 108.5550,
1878, -87.4038,  -4.1431, 108.6612,
1879, -89.6917,  -4.1418, 108.8346,
1880, -91.9858,  -4.1422, 109.0753,
1881, -94.2847,  -4.1432, 109.3837,
1882, -96.5871,  -4.1430, 109.7604,
1883, -98.8914,  -4.1403, 110.2053,
1884,-101.1966,  -4.1348, 110.7166,
1885,-103.5017,  -4.1277, 111.2924,
1886,-105.8058,  -4.1196, 111.9310,
1887,-108.1080,  -4.1104, 112.6315,
1888,-110.4076,  -4.1005, 113.3922,
1889,-112.7039,  -4.0902, 114.2118,
1890,-114.9958,  -4.0786, 115.0902,
1891,-117.2826,  -4.0657, 116.0258,
1892,-119.5630,  -4.0526, 117.0177,
1893,-121.8357,  -4.0390, 118.0661,
1894,-124.0997,  -4.0248, 119.1705,
1895,-126.3538,  -4.0094, 120.3307,
1896,-128.5969,  -3.9920, 121.5472,
1897,-130.8284,  -3.9719, 122.8184,
1898,-133.0480,  -3.9483, 124.1420,
1899,-135.2553,  -3.9211, 125.5171,
1900,-137.4495,  -3.8914, 126.9419,
1901,-139.6317,  -3.8603, 128.4137,
1902,-141.8026,  -3.8267, 129.9305,
1903,-143.9629,  -3.7919, 131.4893,
1904,-146.1128,  -3.7585, 133.0886,
1905,-148.2522,  -3.7274, 134.7278,
1906,-150.3808,  -3.6978, 136.4070,
1907,-152.4988,  -3.6685, 138.1254,
1908,-154.6076,  -3.6390, 139.8803,
1909,-156.7066,  -3.6085, 141.6716,
1910,-158.7960,  -3.5778, 143.4981,
1911,-160.8766,  -3.5467, 145.3580,
1912,-162.9491,  -3.5180, 147.2493,
1913,-165.0146,  -3.4939, 149.1701,
1914,-167.0741,  -3.4739, 151.1199,
1915,-169.1274,  -3.4555, 153.0993,
1916,-171.1744,  -3.4382, 155.1075,
1917,-173.2159,  -3.4245, 157.1427,
1918,-175.2528,  -3.4151, 159.2041,
1919,-177.2847,  -3.4082, 161.2926,
1920,-179.3117,  -3.4012, 163.4082,
1921,-181.3335,  -3.3906, 165.5511,
1922,-183.3501,  -3.3761, 167.7197,
1923,-185.3613,  -3.3622, 169.9124,
1924,-187.3685,  -3.3514, 172.1282,
1925,-189.3719,  -3.3412, 174.3677,
1926,-191.3714,  -3.3286, 176.6314,
1927,-193.3673,  -3.3120, 178.9182,
1928,-195.3603,  -3.2900, 181.2271,
1929,-197.3505,  -3.2647, 183.5565,
1930,-199.3386,  -3.2407, 185.9050,
1931,-201.3247,  -3.2182, 188.2732,
1932,-203.3092,  -3.1932, 190.6617,
1933,-205.2919,  -3.1666, 193.0696,
1934,-207.2722,  -3.1389, 195.4971,
1935,-209.2495,  -3.1095, 197.9442,
1936,-211.2242,  -3.0789, 200.4101,
1937,-213.1963,  -3.0475, 202.8950,
1938,-215.1650,  -3.0150, 205.3994,
1939,-217.1309,  -2.9804, 207.9232,
1940,-219.0945,  -2.9452, 210.4648,
1941,-221.0561,  -2.9115, 213.0233,
1942,-223.0155,  -2.8781, 215.5983,
1943,-224.9721,  -2.8453, 218.1867,
1944,-226.9239,  -2.8131, 220.7830,
1945,-230.0345,  -2.7653, 224.9463,
1946,-231.9713,  -2.7372, 227.5523,
1947,-233.9055,  -2.7090, 230.1641,
1948,-235.8377,  -2.6810, 232.7819,
1949,-237.7688,  -2.6564, 235.4048,
1950,-239.7002,  -2.6358, 238.0333,
1951,-241.6328,  -2.6172, 240.6685,
1952,-243.5684,  -2.5988, 243.3102,
1953,-245.5083,  -2.5828, 245.9583,
1954,-247.4533,  -2.5704, 248.6132,
1955,-249.4049,  -2.5603, 251.2753,
1956,-251.3644,  -2.5514, 253.9442,
1957,-253.3326,  -2.5437, 256.6198,
1958,-255.3105,  -2.5357, 259.3018,
1959,-257.2979,  -2.5294, 261.9898,
1960,-259.2959,  -2.5234, 264.6839,
1961,-261.3050,  -2.5153, 267.3843,
1962,-263.3252,  -2.5049, 270.0909,
1963,-265.3557,  -2.4955, 272.8032,
1964,-267.3964,  -2.4897, 275.5213,
1965,-269.4478,  -2.4887, 278.2451,
1966,-271.5100,  -2.4920, 280.9748,
1967,-273.5835,  -2.4984, 283.7108,
1968,-275.6677,  -2.5065, 286.4532,
1969,-277.7626,  -2.5181, 289.2014,
1970,-279.8697,  -2.5316, 291.9548,
1971,-281.9898,  -2.5443, 294.7132,
1972,-284.1233,  -2.5558, 297.4756,
1973,-286.2709,  -2.5661, 300.2416,
1974,-288.4331,  -2.5758, 303.0104,
1975,-290.6097,  -2.5873, 305.7817,
1976,-292.8013,  -2.6023, 308.5547,
1977,-295.0075,  -2.6226, 311.3300,
1978,-297.2284,  -2.6474, 314.1078,
1979,-299.4644,  -2.6759, 316.8882,
1980,-301.7165,  -2.7059, 319.6711,
1981,-303.9839,  -2.7351, 322.4568,
1982,-306.2658,  -2.7640, 325.2454,
1983,-308.5614,  -2.7949, 328.0366,
1984,-310.8704,  -2.8299, 330.8306,
1985,-313.1932,  -2.8680, 333.6280,
1986,-315.5287,  -2.9097, 336.4293,
1987,-317.8761,  -2.9552, 339.2351,
1988,-320.2349,  -3.0005, 342.0464,
1989,-322.6033,  -3.0441, 344.8644,
1990,-324.9796,  -3.0852, 347.6905,
1991,-327.3607,  -3.1249, 350.5262,
1992,-329.7448,  -3.1652, 353.3732,
1993,-332.1310,  -3.2073, 356.2323,
1994,-334.5190,  -3.2519, 359.1042,
1995,-336.9081,  -3.2964, 361.9901,
1996,-339.2990,  -3.3375, 364.8894,
1997,-341.6922,  -3.3766, 367.8004,
1998,-344.0877,  -3.4167, 370.7224,
1999,-346.4870,  -3.4571, 373.6547,
2000,-348.8917,  -3.4960, 376.5966,
2001,-351.3019,  -3.5320, 379.5479,
2002,-353.7177,  -3.5668, 382.5077,
2003,-356.1395,  -3.6032, 385.4751,
2004,-358.5677,  -3.6402, 388.4502,
2005,-361.0025,  -3.6720, 391.4339,
2006,-363.4431,  -3.6975, 394.4261,
2007,-365.8894,  -3.7183, 397.4266,
2008,-368.3414,  -3.7352, 400.4349,
2009,-370.7989,  -3.7522, 403.4503,
2010,-373.2626,  -3.7725, 406.4723,
2011,-375.7318,  -3.7943, 409.5025,
2012,-378.2070,  -3.8134, 412.5413,
2013,-380.6889,  -3.8255, 415.5882,
2014,-383.1768,  -3.8312, 418.6426,
2015,-385.6699,  -3.8359, 421.7034,
2016,-388.1683,  -3.8431, 424.7711,
2017,-390.6726,  -3.8539, 427.8454,
2018,-393.1835,  -3.8628, 430.9274,
2019,-395.7020,  -3.8686, 434.0155,
2020,-398.2291,  -3.8719, 437.1082,
2021,-400.7664,  -3.8725, 440.2044,
2022,-403.3160,  -3.8694, 443.3023,
2023,-405.8804,  -3.8607, 446.4001,
2024,-408.4598,  -3.8506, 449.4961,
2025,-411.0542,  -3.8461, 452.5895,
2026,-413.6646,  -3.8487, 455.6801,
2027,-416.2932,  -3.8558, 458.7671,
2028,-418.9368,  -3.8627, 461.8416,
2029,-421.5840,  -3.8710, 464.8904,
2030,-424.2304,  -3.8835, 467.9059,
2031,-426.8698,  -3.8998, 470.8755,
2032,-429.4996,  -3.9202, 473.7920,
2033,-432.1226,  -3.9464, 476.6524,
2034,-434.7566,  -3.9803, 479.4675,
2035,-437.4139,  -4.0250, 482.2400,
2036,-440.0821,  -4.0811, 484.9546,
2037,-442.7562,  -4.1508, 487.6117,
2038,-445.4328,  -4.2330, 490.2104,
2039,-448.1144,  -4.3242, 492.7556,
2040,-450.8137,  -4.4235, 495.2551,
2041,-453.5245,  -4.5299, 497.6996,
2042,-456.2284,  -4.6431, 500.0804,
2043,-458.9196,  -4.7665, 502.3988,
2044,-461.6169,  -4.8975, 504.6618,
2045,-464.3457,  -5.0308, 506.8693,
2046,-467.0882,  -5.1590, 509.0030,
2047,-469.8310,  -5.2754, 511.0571,
2048,-472.5840,  -5.3845, 513.0317,
2049,-475.3609,  -5.4854, 514.9221,
2050,-478.1695,  -5.5741, 516.7292,
2051,-481.0042,  -5.6405, 518.4399,
2052,-483.8734,  -5.6886, 520.0577,
2053,-486.7766,  -5.7274, 521.5867,
2054,-489.7138,  -5.7563, 523.0261,
2055,-492.6833,  -5.7729, 524.3742,
2056,-495.6823,  -5.7770, 525.6299,
2057,-498.7070,  -5.7704, 526.7943,
2058,-501.7541,  -5.7556, 527.8701,
2059,-504.8202,  -5.7323, 528.8564,
2060,-507.8949,  -5.6989, 529.7519,
2061,-510.9642,  -5.6526, 530.5550,
2062,-514.0093,  -5.5932, 531.2648,
2063,-517.0254,  -5.5242, 531.8787,
2064,-520.0233,  -5.4436, 532.3930,
2065,-523.0148,  -5.3536, 532.8049,
2066,-525.9890,  -5.2522, 533.1082,
2067,-528.9518,  -5.1388, 533.3074,
2068,-531.9043,  -5.0225, 533.4030,
2069,-534.8429,  -4.9095, 533.3932,
2070,-537.7635,  -4.7941, 533.2695,
2071,-540.6615,  -4.6719, 533.0287,
2072,-543.5344,  -4.5441, 532.6804,
2073,-546.3770,  -4.4195, 532.2252,
2074,-549.1781,  -4.2975, 531.6617,
2075,-551.9287,  -4.1744, 530.9886,
2076,-554.6331,  -4.0490, 530.2040,
2077,-557.2899,  -3.9223, 529.3157,
2078,-559.8951,  -3.8003, 528.3267,
2079,-562.4448,  -3.6831, 527.2366,
2080,-564.9364,  -3.5709, 526.0515,
2081,-567.3628,  -3.4654, 524.7731,
2082,-569.7223,  -3.3656, 523.4048,
2083,-572.0128,  -3.2700, 521.9500,
2084,-574.2311,  -3.1830, 520.4120,
2085,-576.3730,  -3.1051, 518.7916,
2086,-578.4346,  -3.0342, 517.0909,
2087,-580.4127,  -2.9704, 515.3137,
2088,-582.3064,  -2.9168, 513.4644,
2089,-584.1144,  -2.8740, 511.5442,
2090,-585.8343,  -2.8399, 509.5537,
2091,-587.4664,  -2.8146, 507.4962,
2092,-589.0122,  -2.7995, 505.3757,
2093,-590.4714,  -2.7929, 503.1932,
2094,-591.8445,  -2.7928, 500.9503,
2095,-593.1344,  -2.7991, 498.6504,
2096,-594.3464,  -2.8119, 496.2981,
2097,-595.4906,  -2.8315, 493.8991,
2098,-596.5801,  -2.8569, 491.4602,
2099,-597.6288,  -2.8851, 488.9873,
2100,-598.6505,  -2.9137, 486.4867,
2101,-599.6557,  -2.9418, 483.9629,
2102,-600.6509,  -2.9686, 481.4186,
2103,-601.6398,  -2.9937, 478.8551,
2104,-602.6233,  -3.0181, 476.2726,
2105,-603.6013,  -3.0435, 473.6714,
2106,-604.5734,  -3.0714, 471.0512,
2107,-605.5394,  -3.1011, 468.4118,
2108,-606.4995,  -3.1342, 465.7535,
2109,-607.4545,  -3.1718, 463.0770,
2110,-608.4068,  -3.2124, 460.3828,
2111,-609.3577,  -3.2546, 457.6709,
2112,-610.3076,  -3.2974, 454.9414,
2113,-611.2574,  -3.3391, 452.1944,
2114,-612.2090,  -3.3795, 449.4309,
2115,-613.1639,  -3.4197, 446.6523,
2116,-614.1231,  -3.4592, 443.8591,
2117,-615.0874,  -3.4957, 441.0511,
2118,-616.0571,  -3.5284, 438.2284,
2119,-617.0319,  -3.5578, 435.3915,
2120,-618.0121,  -3.5841, 432.5407,
2121,-618.9976,  -3.6083, 429.6767,
2122,-619.9890,  -3.6306, 426.7993,
2123,-620.9866,  -3.6503, 423.9087,
2124,-622.5979,  -3.6722, 419.2569,
2125,-623.6144,  -3.6825, 416.3342,
2126,-624.6384,  -3.6927, 413.4001,
2127,-625.6704,  -3.7033, 410.4547,
2128,-626.7107,  -3.7134, 407.4977,
2129,-627.7594,  -3.7216, 404.5293,
2130,-628.8174,  -3.7285, 401.5502,
2131,-629.8852,  -3.7344, 398.5608,
2132,-630.9635,  -3.7402, 395.5611,
2133,-632.0521,  -3.7447, 392.5514,
2134,-633.1518,  -3.7466, 389.5316,
2135,-634.2644,  -3.7435, 386.5029,
2136,-635.3891,  -3.7344, 383.4665,
2137,-636.5238,  -3.7194, 380.4261,
2138,-637.6658,  -3.7017, 377.3868,
2139,-638.8140,  -3.6823, 374.3512,
2140,-639.9692,  -3.6604, 371.3181,
2141,-641.1342,  -3.6363, 368.2846,
2142,-642.3085,  -3.6123, 365.2511,
2143,-643.4922,  -3.5900, 362.2173,
2144,-644.6862,  -3.5685, 359.1825,
2145,-645.8915,  -3.5479, 356.1462,
2146,-647.1078,  -3.5273, 353.1071,
2147,-648.3347,  -3.5060, 350.0638,
2148,-649.5730,  -3.4835, 347.0158,
2149,-650.8214,  -3.4607, 343.9625,
2150,-652.0795,  -3.4394, 340.9035,
2151,-653.3486,  -3.4189, 337.8384,
2152,-654.6287,  -3.3971, 334.7670,
2153,-655.9199,  -3.3712, 331.6887,
2154,-657.2206,  -3.3403, 328.6031,
2155,-658.5304,  -3.3052, 325.5105,
2156,-659.8488,  -3.2676, 322.4109,
2157,-661.1750,  -3.2292, 319.3041,
2158,-662.5087,  -3.1900, 316.1896,
2159,-663.8493,  -3.1511, 313.0675,
2160,-665.1964,  -3.1134, 309.9375,
2161,-666.5505,  -3.0758, 306.7995,
2162,-667.9116,  -3.0361, 303.6534,
2163,-669.2793,  -2.9947, 300.4992,
2164,-670.6535,  -2.9526, 297.3372,
2165,-672.0345,  -2.9099, 294.1679,
2166,-673.4221,  -2.8677, 290.9911,
2167,-674.8161,  -2.8278, 287.8069,
2168,-676.2170,  -2.7934, 284.6154,
2169,-677.6247,  -2.7633, 281.4163,
2170,-679.0394,  -2.7362, 278.2093,
2171,-680.4612,  -2.7089, 274.9939,
2172,-681.8902,  -2.6795, 271.7704,
2173,-683.3265,  -2.6499, 268.5393,
2174,-684.7708,  -2.6198, 265.3010,
2175,-686.2234,  -2.5872, 262.0551,
2176,-687.6850,  -2.5504, 258.8021,
2177,-689.1555,  -2.5118, 255.5428,
2178,-690.6354,  -2.4742, 252.2776,
2179,-692.1259,  -2.4375, 249.0068,
2180,-693.6278,  -2.3996, 245.7304,
2181,-695.1411,  -2.3590, 242.4488,
2182,-696.6641,  -2.3191, 239.1619,
2183,-698.1973,  -2.2816, 235.8699,
2184,-699.7401,  -2.2461, 232.5722,
2185,-701.2928,  -2.2095, 229.2686,
2186,-702.8547,  -2.1700, 225.9588,
2187,-704.4246,  -2.1302, 222.6431,
2188,-706.0021,  -2.0934, 219.3214,
2189,-707.5875,  -2.0610, 215.9933,
2190,-709.1805,  -2.0320, 212.6586,
2191,-710.7814,  -2.0038, 209.3168,
2192,-712.3902,  -1.9698, 205.9670,
2193,-714.0062,  -1.9281, 202.6099,
2194,-715.6279,  -1.8814, 199.2458,
2195,-717.2551,  -1.8328, 195.8751,
2196,-718.8871,  -1.7808, 192.4972,
2197,-720.5239,  -1.7284, 189.1127,
2198,-722.1652,  -1.6784, 185.7217,
2199,-723.8140,  -1.6280, 182.3247,
2200,-725.4708,  -1.5729, 178.9220,
2201,-727.1367,  -1.5123, 175.5143,
2202,-728.8121,  -1.4460, 172.1022,
2203,-730.4968,  -1.3764, 168.6859,
2204,-732.1921,  -1.3053, 165.2667,
2205,-733.8947,  -1.2385, 161.8433,
2206,-735.6038,  -1.1719, 158.4136,
2207,-737.3190,  -1.0994, 154.9773,
2208,-739.0386,  -1.0260, 151.5351,
2209,-740.7598,  -0.9542, 148.0852,
2210,-742.4818,  -0.8748, 144.6258,
2211,-744.2029,  -0.7877, 141.1576,
2212,-745.9219,  -0.7018, 137.6808,
2213,-747.6396,  -0.6119, 134.1949,
2214,-749.3539,  -0.5210, 130.6994,
2215,-751.0649,  -0.4236, 127.1938,
2216,-752.7703,  -0.3209, 123.6772,
2217,-754.4712,  -0.2127, 120.1511,
2218,-756.1665,  -0.1040, 116.6150,
2219,-757.8560,   0.0009, 113.0694,
2220,-759.5379,   0.1005, 109.5128,
2221,-761.2110,   0.1945, 105.9443,
2222,-762.8754,   0.2885, 102.3633,
2223,-764.5292,   0.3819,  98.7691,
2224,-766.1738,   0.4732,  95.1629,
2225,-767.8082,   0.5613,  91.5443,
2226,-769.4341,   0.6458,  87.9146,
2227,-771.0540,   0.7263,  84.2747,
2228,-772.6685,   0.8057,  80.6239,
2229,-774.2783,   0.8875,  76.9629,
2230,-775.8843,   0.9747,  73.2924,
2231,-777.4867,   1.0651,  69.6130,
2232,-779.0854,   1.1566,  65.9249,
2233,-780.6795,   1.2471,  62.2278,
2234,-782.2678,   1.3358,  58.5207,
2235,-783.8494,   1.4213,  54.8035,
2236,-785.4232,   1.5076,  51.0745,
2237,-786.9864,   1.5939,  47.3338,
2238,-788.5374,   1.6743,  43.5809,
2239,-790.0744,   1.7517,  39.8150,
2240,-791.5952,   1.8255,  36.0350,
2241,-793.0997,   1.8917,  32.2418,
2242,-794.5875,   1.9432,  28.4356,
2243,-796.0566,   1.9775,  24.6149,
2244,-797.5023,   1.9966,  20.7766,
2245,-798.9214,   2.0034,  16.9201,
2246,-800.3127,   1.9972,  13.0463,
2247,-801.6718,   1.9764,   9.1555,
2248,-802.9944,   1.9400,   5.2484,
2249,-804.2781,   1.8877,   1.3264,
2250,-805.5217,   1.8232,  -2.6088,
2251,-806.7239,   1.7523,  -6.5553,
2252,-807.8821,   1.6758, -10.5120,
2253,-808.9940,   1.5927, -14.4792,
2254,-810.0526,   1.5065, -18.4584,
2255,-811.0568,   1.4206, -22.4481,
2256,-812.0067,   1.3347, -26.4470,
2257,-812.8967,   1.2501, -30.4556,
2258,-813.7228,   1.1735, -34.4744,
2259,-814.4852,   1.1019, -38.5023,
2260,-815.1873,   1.0269, -42.5390,
2261,-815.8243,   0.9492, -46.5870,
2262,-816.3921,   0.8728, -50.6462,
2263,-816.8942,   0.7966, -54.7150,
2264,-817.3276,   0.7210, -58.7921,
2265,-817.6899,   0.6456, -62.8753,
2266,-817.9796,   0.5730, -66.9646,
2267,-818.1952,   0.5056, -71.0589,
2268,-818.3394,   0.4369, -75.1575,
2269,-818.4147,   0.3651, -79.2603,
2270,-818.4216,   0.2912, -83.3675,
2271,-818.3612,   0.2158, -87.4792,
2272,-818.2350,   0.1430, -91.5954,
2273,-818.0471,   0.0752, -95.7152,
2274,-817.8003,   0.0127, -99.8381,
2275,-817.4982,  -0.0468,-103.9636,
2276,-817.1418,  -0.1020,-108.0917,
2277,-816.7318,  -0.1481,-112.2221,
2278,-816.2695,  -0.1888,-116.3535,
2279,-815.7502,  -0.2252,-120.4845,
2280,-815.1693,  -0.2585,-124.6135,
2281,-814.5184,  -0.2856,-128.7381,
2282,-813.7958,  -0.3075,-132.8561,
2283,-812.9985,  -0.3285,-136.9655,
2284,-812.1226,  -0.3494,-141.0635,
2285,-811.1637,  -0.3696,-145.1471,
2286,-810.1221,  -0.3897,-149.2124,
2287,-808.9970,  -0.4111,-153.2564,
2288,-807.7881,  -0.4346,-157.2761,
2289,-806.4952,  -0.4605,-161.2704,
2290,-805.1187,  -0.4892,-165.2376,
2291,-803.6588,  -0.5212,-169.1766,
2292,-802.1171,  -0.5562,-173.0866,
2293,-800.4924,  -0.5922,-176.9664,
2294,-798.7872,  -0.6282,-180.8153,
2295,-797.0054,  -0.6656,-184.6339,
2296,-795.1514,  -0.7057,-188.4227,
2297,-793.2261,  -0.7477,-192.1817,
2298,-791.2315,  -0.7885,-195.9102,
2299,-789.1688,  -0.8253,-199.6082,
2300,-787.0377,  -0.8532,-203.2739,
2301,-784.8405,  -0.8749,-206.9066,
2302,-782.5805,  -0.8937,-210.5060,
2303,-780.2597,  -0.9128,-214.0727,
2304,-777.8785,  -0.9311,-217.6057,
2305,-775.4380,  -0.9468,-221.1051,
2306,-772.9401,  -0.9591,-224.5709,
2307,-770.3878,  -0.9681,-228.0045,
2308,-767.7825,  -0.9726,-231.4051,
2309,-765.1235,  -0.9720,-234.7714,
2310,-762.4085,  -0.9644,-238.1006,
2311,-759.6394,  -0.9510,-241.3919,
2312,-756.8199,  -0.9381,-244.6462,
2313,-753.9501,  -0.9277,-247.8626,
2314,-751.0308,  -0.9210,-251.0407,
2315,-748.0628,  -0.9178,-254.1801,
2316,-745.0474,  -0.9178,-257.2812,
2317,-741.9852,  -0.9182,-260.3442,
2318,-738.8784,  -0.9181,-263.3701,
2319,-735.7292,  -0.9175,-266.3598,
2320,-732.5432,  -0.9209,-269.3176,
2321,-729.3213,  -0.9275,-272.2447,
2322,-726.0656,  -0.9373,-275.1430,
2323,-722.7770,  -0.9482,-278.0134,
2324,-719.4554,  -0.9575,-280.8560,
2325,-716.1016,  -0.9604,-283.6707,
2326,-712.7181,  -0.9595,-286.4590,
2327,-709.3076,  -0.9600,-289.2224,
2328,-705.8693,  -0.9616,-291.9613,
2329,-702.4022,  -0.9591,-294.6739,
2330,-698.9063,  -0.9506,-297.3597,
2331,-695.3824,  -0.9359,-300.0182,
2332,-691.8312,  -0.9178,-302.6491,
2333,-688.2529,  -0.8956,-305.2522,
2334,-684.6475,  -0.8697,-307.8273,
2335,-681.0161,  -0.8415,-310.3746,
2336,-677.3583,  -0.8109,-312.8934,
2337,-673.6734,  -0.7730,-315.3822,
2338,-669.9629,  -0.7291,-317.8415,
2339,-666.2266,  -0.6822,-320.2695,
2340,-662.4642,  -0.6379,-322.6650,
2341,-658.6743,  -0.5963,-325.0261,
2342,-654.8563,  -0.5574,-327.3508,
2343,-651.0080,  -0.5185,-329.6352,
2344,-647.1285,  -0.4773,-331.8761,
2345,-643.2183,  -0.4348,-334.0720,
2346,-639.2778,  -0.3933,-336.2224,
2347,-635.3075,  -0.3534,-338.3268,
2348,-631.3079,  -0.3148,-340.3846,
2349,-627.2798,  -0.2799,-342.3967,
2350,-623.2215,  -0.2454,-344.3589,
2351,-619.1324,  -0.2084,-346.2680,
2352,-615.0136,  -0.1682,-348.1238,
2353,-610.8677,  -0.1292,-349.9279,
2354,-606.6951,  -0.0948,-351.6795,
2355,-602.4940,  -0.0594,-353.3744,
2356,-598.2665,  -0.0233,-355.0138,
2357,-594.0122,   0.0126,-356.5948,
2358,-589.7322,   0.0492,-358.1169,
2359,-585.4299,   0.0816,-359.5855,
2360,-581.1063,   0.1074,-361.0017,
2361,-576.7627,   0.1271,-362.3655,
2362,-572.4016,   0.1442,-363.6754,
2363,-568.0279,   0.1614,-364.9331,
2364,-563.6449,   0.1774,-366.1430,
2365,-559.2520,   0.1920,-367.3074,
2366,-554.8495,   0.2072,-368.4291,
2367,-550.4383,   0.2239,-369.5110,
2368,-546.0188,   0.2436,-370.5548,
2369,-541.5900,   0.2689,-371.5597,
2370,-537.1526,   0.2990,-372.5278,
2371,-532.7059,   0.3331,-373.4606,
2372,-528.2490,   0.3744,-374.3566,
2373,-523.7822,   0.4223,-375.2165,
2374,-519.3065,   0.4747,-376.0424,
2375,-510.3281,   0.5859,-377.5955,
2376,-505.8251,   0.6458,-378.3218,
2377,-501.3133,   0.7099,-379.0146,
2378,-496.7929,   0.7772,-379.6725,
2379,-492.2644,   0.8420,-380.2966,
2380,-487.7277,   0.9075,-380.8868,
2381,-483.1837,   0.9708,-381.4456,
2382,-478.6326,   1.0298,-381.9740,
2383,-474.0746,   1.0828,-382.4742,
2384,-469.5103,   1.1284,-382.9487,
2385,-464.9397,   1.1674,-383.3995,
2386,-460.3628,   1.1984,-383.8274,
2387,-455.7789,   1.2231,-384.2306,
2388,-451.1883,   1.2433,-384.6122,
2389,-446.5918,   1.2541,-384.9760,
2390,-441.9894,   1.2544,-385.3209,
2391,-437.3812,   1.2447,-385.6479,
2392,-432.7670,   1.2247,-385.9554,
2393,-428.1463,   1.1933,-386.2409,
2394,-423.5194,   1.1498,-386.5051,
2395,-418.8857,   1.0973,-386.7459,
2396,-414.2450,   1.0396,-386.9616,
2397,-409.5971,   0.9797,-387.1537,
2398,-404.9424,   0.9182,-387.3234,
2399,-400.2813,   0.8549,-387.4728,
2400,-395.6133,   0.7940,-387.6067,
2401,-390.9400,   0.7318,-387.7220,
2402,-386.2610,   0.6631,-387.8256,
2403,-381.5756,   0.5960,-387.9219,
2404,-376.8844,   0.5309,-388.0112,
2405,-372.1873,   0.4680,-388.0935,
2406,-367.4842,   0.4110,-388.1705,
2407,-362.7752,   0.3608,-388.2428,
2408,-358.0607,   0.3142,-388.3108,
2409,-353.3408,   0.2743,-388.3762,
2410,-348.6157,   0.2419,-388.4379,
2411,-343.8855,   0.2196,-388.4966,
2412,-339.1512,   0.2002,-388.5515,
2413,-334.4125,   0.1802,-388.6025,
2414,-329.6691,   0.1625,-388.6505,
2415,-324.9207,   0.1494,-388.6951,
2416,-320.1676,   0.1412,-388.7357,
2417,-315.4099,   0.1384,-388.7708,
2418,-310.6476,   0.1397,-388.8000,
2419,-305.8813,   0.1418,-388.8225,
2420,-301.1109,   0.1440,-388.8387,
2421,-296.3364,   0.1459,-388.8495,
2422,-291.5575,   0.1471,-388.8567,
2423,-286.7744,   0.1479,-388.8612,
2424,-281.9868,   0.1497,-388.8644,
2425,-277.1952,   0.1505,-388.8666,
2426,-272.3995,   0.1504,-388.8694,
2427,-267.5996,   0.1506,-388.8729,
2428,-262.7954,   0.1506,-388.8773,
2429,-257.9872,   0.1496,-388.8826,
2430,-253.1749,   0.1498,-388.8872,
2431,-248.3584,   0.1513,-388.8913,
2432,-243.5381,   0.1543,-388.8936,
2433,-238.7142,   0.1576,-388.8930,
2434,-233.8866,   0.1617,-388.8894,
2435,-229.0550,   0.1662,-388.8825,
2436,-224.2191,   0.1716,-388.8718,
2437,-219.3794,   0.1777,-388.8584,
2438,-214.5363,   0.1802,-388.8423,
2439,-209.6896,   0.1786,-388.8227,
2440,-204.8390,   0.1739,-388.7993,
2441,-199.9841,   0.1684,-388.7733,
2442,-195.1253,   0.1629,-388.7443,
2443,-190.2621,   0.1581,-388.7123,
2444,-185.3946,   0.1547,-388.6777,
2445,-180.5229,   0.1527,-388.6410,
2446,-175.6469,   0.1526,-388.6025,
2447,-170.7667,   0.1546,-388.5624,
2448,-165.8826,   0.1570,-388.5215,
2449,-160.9948,   0.1578,-388.4804,
2450,-156.1031,   0.1592,-388.4390,
2451,-151.2081,   0.1598,-388.3979,
2452,-146.3100,   0.1563,-388.3586,
2453,-141.4079,   0.1499,-388.3213,
2454,-136.5012,   0.1439,-388.2862,
2455,-131.5901,   0.1408,-388.2535,
2456,-126.6752,   0.1378,-388.2235,
2457,-121.7565,   0.1334,-388.1968,
2458,-116.8334,   0.1312,-388.1735,
2459,-111.9061,   0.1335,-388.1531,
2460,-106.9749,   0.1406,-388.1357,
2461,-102.0407,   0.1447,-388.1208,
2462, -97.1028,   0.1441,-388.1083,
2463, -92.1611,   0.1410,-388.0976,
2464, -87.2151,   0.1405,-388.0883,
2465, -82.2653,   0.1466,-388.0786,
2466, -77.3120,   0.1556,-388.0671,
2467, -72.3555,   0.1641,-388.0529,
2468, -67.3959,   0.1698,-388.0342,
2469, -62.4333,   0.1706,-388.0107,
2470, -57.4675,   0.1673,-387.9826,
2471, -52.4981,   0.1618,-387.9499,
2472, -47.5250,   0.1564,-387.9124,
2473, -42.5482,   0.1510,-387.8718,
2474, -37.5678,   0.1453,-387.8298,
2475, -32.5834,   0.1401,-387.7870,
2476, -27.5952,   0.1355,-387.7444,
2477, -22.6032,   0.1337,-387.7037,
2478, -17.6074,   0.1364,-387.6657,
2479, -12.6080,   0.1426,-387.6292,
2480,  -7.6052,   0.1508,-387.5953,
2481,  -2.5992,   0.1594,-387.5647,
2482,   2.4097,   0.1668,-387.5367,
2483,   7.4217,   0.1718,-387.5113,
2484,  12.4365,   0.1728,-387.4885,
2485,  17.4544,   0.1664,-387.4685,
2486,  22.4761,   0.1571,-387.4506,
2487,  27.5018,   0.1486,-387.4352,
2488,  32.5314,   0.1431,-387.4224,
2489,  37.5646,   0.1429,-387.4110,
2490,  42.6012,   0.1471,-387.4011,
2491,  47.6412,   0.1548,-387.3920,
2492,  52.6844,   0.1643,-387.3841,
2493,  57.7308,   0.1740,-387.3771,
2494,  62.7799,   0.1796,-387.3708,
2495,  67.8320,   0.1805,-387.3648,
2496,  72.8874,   0.1764,-387.3587,
2497,  77.9461,   0.1682,-387.3529,
2498,  83.0065,   0.1574,-387.3465,
2499,  88.0652,   0.1496,-387.3402,
2500,  93.1200,   0.1480,-387.3339,
2501,  98.1693,   0.1486,-387.3275,
2502, 103.2124,   0.1469,-387.3214,
2503, 108.2483,   0.1434,-387.3155,
2504, 113.2763,   0.1400,-387.3101,
2505, 118.2962,   0.1377,-387.3058,
2506, 123.3078,   0.1359,-387.3024,
2507, 128.3112,   0.1331,-387.2997,
2508, 133.3062,   0.1303,-387.2979,
2509, 138.2926,   0.1291,-387.2966,
2510, 143.2700,   0.1307,-387.2967,
2511, 148.2386,   0.1365,-387.2984,
2512, 153.1982,   0.1449,-387.3015,
2513, 158.1490,   0.1542,-387.3060,
2514, 163.0912,   0.1615,-387.3119,
2515, 168.0246,   0.1663,-387.3188,
2516, 172.9496,   0.1673,-387.3277,
2517, 177.8660,   0.1672,-387.3376,
2518, 182.7735,   0.1670,-387.3485,
2519, 187.6723,   0.1652,-387.3606,
2520, 192.5626,   0.1608,-387.3742,
2521, 197.4446,   0.1539,-387.3886,
2522, 202.3180,   0.1479,-387.3995,
2523, 210.0964,   0.1426,-387.4045,
2524, 214.9462,   0.1394,-387.3989,
2525, 219.7875,   0.1363,-387.3848,
2526, 224.6203,   0.1350,-387.3630,
2527, 229.4444,   0.1368,-387.3366,
2528, 234.2599,   0.1409,-387.3086,
2529, 239.0667,   0.1477,-387.2811,
2530, 243.8648,   0.1547,-387.2585,
2531, 248.6542,   0.1581,-387.2409,
2532, 253.4352,   0.1554,-387.2296,
2533, 258.2079,   0.1502,-387.2249,
2534, 262.9720,   0.1466,-387.2267,
2535, 267.7277,   0.1440,-387.2343,
2536, 272.4754,   0.1416,-387.2469,
2537, 277.2148,   0.1411,-387.2632,
2538, 281.9458,   0.1425,-387.2812,
2539, 286.6687,   0.1452,-387.3000,
2540, 291.3834,   0.1500,-387.3185,
2541, 296.0897,   0.1562,-387.3355,
2542, 300.7876,   0.1611,-387.3517,
2543, 305.4771,   0.1640,-387.3667,
2544, 310.1585,   0.1659,-387.3805,
2545, 314.8316,   0.1666,-387.3933,
2546, 319.4969,   0.1662,-387.4059,
2547, 324.1544,   0.1652,-387.4181,
2548, 328.8035,   0.1646,-387.4299,
2549, 333.4446,   0.1623,-387.4418,
2550, 338.0779,   0.1543,-387.4543,
2551, 342.7040,   0.1412,-387.4674,
2552, 347.3226,   0.1315,-387.4816,
2553, 351.9331,   0.1289,-387.4971,
2554, 356.5356,   0.1345,-387.5134,
2555, 361.1301,   0.1398,-387.5309,
2556, 365.7174,   0.1393,-387.5494,
2557, 370.2975,   0.1351,-387.5696,
2558, 374.8704,   0.1285,-387.5911,
2559, 379.4356,   0.1236,-387.6138,
2560, 383.9931,   0.1208,-387.6373,
2561, 388.5431,   0.1229,-387.6620,
2562, 393.0853,   0.1300,-387.6886,
2563, 397.6194,   0.1397,-387.7158,
2564, 402.1460,   0.1454,-387.7427,
2565, 406.6653,   0.1478,-387.7695,
2566, 411.1770,   0.1519,-387.7962,
2567, 415.6802,   0.1566,-387.8216,
2568, 420.1758,   0.1571,-387.8454,
2569, 424.6639,   0.1547,-387.8669,
2570, 429.1444,   0.1510,-387.8864,
2571, 433.6171,   0.1465,-387.9040,
2572, 438.0821,   0.1415,-387.9184,
2573, 442.5398,   0.1360,-387.9292,
2574, 446.9900,   0.1332,-387.9380,
2575, 451.4328,   0.1336,-387.9444,
2576, 455.8680,   0.1364,-387.9482,
2577, 460.2956,   0.1404,-387.9499,
2578, 464.7162,   0.1459,-387.9505,
2579, 469.1289,   0.1564,-387.9517,
2580, 473.5339,   0.1683,-387.9543,
2581, 477.9316,   0.1776,-387.9595,
2582, 482.3224,   0.1861,-387.9685,
2583, 486.7056,   0.2020,-387.9824,
2584, 491.0807,   0.2253,-388.0005,
2585, 495.4486,   0.2513,-388.0219,
2586, 499.8091,   0.2795,-388.0435,
2587, 504.1621,   0.3108,-388.0633,
2588, 508.5070,   0.3468,-388.0789,
2589, 512.8436,   0.3841,-388.0886,
2590, 517.1686,   0.4232,-388.0897,
2591, 521.4678,   0.4698,-388.0809,
2592, 525.7233,   0.5251,-388.0622,
2593, 529.9229,   0.5826,-388.0360,
2594, 534.0638,   0.6344,-388.0032,
2595, 538.1453,   0.6810,-387.9640,
2596, 542.1725,   0.7258,-387.9175,
2597, 546.1464,   0.7720,-387.8639,
2598, 550.0671,   0.8156,-387.8025,
2599, 553.9323,   0.8589,-387.7346,
2600, 557.7433,   0.9008,-387.6577,
2601, 561.5018,   0.9376,-387.5690,
2602, 565.2053,   0.9733,-387.4667,
2603, 568.8561,   1.0090,-387.3485,
2604, 572.4589,   1.0463,-387.2110,
2605, 576.0369,   1.0875,-387.0487,
2606, 579.5979,   1.1302,-386.8485,
2607, 583.1408,   1.1708,-386.6099,
2608, 586.6666,   1.2063,-386.3310,
2609, 590.1754,   1.2326,-386.0058,
2610, 593.6677,   1.2465,-385.6321,
2611, 597.1425,   1.2467,-385.2084,
2612, 600.5999,   1.2304,-384.7351,
2613, 604.0381,   1.2010,-384.2064,
2614, 607.4570,   1.1607,-383.6210,
2615, 610.8553,   1.1130,-382.9766,
2616, 614.2333,   1.0551,-382.2730,
2617, 617.5911,   0.9879,-381.5146,
2618, 620.9188,   0.9136,-380.6965,
2619, 624.2034,   0.8346,-379.8322,
2620, 627.4280,   0.7557,-378.9274,
2621, 630.5884,   0.6798,-377.9870,
2622, 633.6983,   0.6046,-377.0065,
2623, 636.7728,   0.5266,-375.9667,
2624, 639.8145,   0.4489,-374.8692,
2625, 642.8226,   0.3729,-373.7142,
2626, 645.7985,   0.2966,-372.5025,
2627, 648.7434,   0.2197,-371.2354,
2628, 651.6550,   0.1441,-369.9121,
2629, 654.5342,   0.0715,-368.5365,
2630, 657.3802,   0.0081,-367.1091,
2631, 660.1904,  -0.0432,-365.6312,
2632, 662.9550,  -0.0867,-364.1083,
2633, 665.6626,  -0.1206,-362.5574,
2634, 668.2990,  -0.1457,-360.9869,
2635, 670.8640,  -0.1647,-359.4047,
2636, 673.3569,  -0.1786,-357.8075,
2637, 675.7755,  -0.1935,-356.1957,
2638, 678.1275,  -0.2099,-354.5697,
2639, 680.4283,  -0.2290,-352.9037,
2640, 682.6802,  -0.2491,-351.1934,
2641, 684.8727,  -0.2691,-349.4388,
2642, 687.0081,  -0.2875,-347.6479,
2643, 689.0914,  -0.3078,-345.8170,
2644, 691.1284,  -0.3290,-343.9481,
2645, 693.1168,  -0.3527,-342.0395,
2646, 695.0582,  -0.3776,-340.0945,
2647, 696.9495,  -0.4028,-338.1126,
2648, 698.7910,  -0.4282,-336.0958,
2649, 700.5806,  -0.4517,-334.0437,
2650, 702.3185,  -0.4730,-331.9577,
2651, 704.0054,  -0.4922,-329.8394,
2652, 705.6403,  -0.5104,-327.6907,
2653, 707.2251,  -0.5288,-325.5139,
2654, 708.7581,  -0.5467,-323.3098,
2655, 710.2394,  -0.5659,-321.0803,
2656, 711.6703,  -0.5849,-318.8267,
2657, 713.0475,  -0.6030,-316.5497,
2658, 714.3743,  -0.6212,-314.2514,
2659, 715.6489,  -0.6387,-311.9313,
2660, 716.8699,  -0.6561,-309.5913,
2661, 718.0397,  -0.6726,-307.2331,
2662, 719.1555,  -0.6888,-304.8579,
2663, 720.2209,  -0.7065,-302.4673,
2664, 721.2331,  -0.7246,-300.0621,
2665, 722.1928,  -0.7435,-297.6435,
2666, 723.1004,  -0.7624,-295.2127,
2667, 723.9547,  -0.7820,-292.7708,
2668, 724.7572,  -0.8020,-290.3186,
2669, 725.5061,  -0.8201,-287.8564,
2670, 726.2008,  -0.8364,-285.3861,
2671, 726.8443,  -0.8518,-282.9095,
2672, 727.4354,  -0.8691,-280.4274,
2673, 727.9749,  -0.8886,-277.9406,
2674, 728.4623,  -0.9097,-275.4508,
2675, 728.8979,  -0.9318,-272.9586,
2676, 729.2803,  -0.9540,-270.4649,
2677, 729.6102,  -0.9761,-267.9710,
2678, 729.8876,  -0.9964,-265.4771,
2679, 730.1130,  -1.0136,-262.9850,
2680, 730.2869,  -1.0295,-260.4953,
2681, 730.4103,  -1.0448,-258.0099,
2682, 730.4836,  -1.0623,-255.5297,
2683, 730.5079,  -1.0802,-253.0550,
2684, 730.4807,  -1.0984,-250.5879,
2685, 730.4053,  -1.1176,-248.1281,
2686, 730.2812,  -1.1373,-245.6773,
2687, 730.1069,  -1.1572,-243.2359,
2688, 729.8843,  -1.1753,-240.8048,
2689, 729.6133,  -1.1927,-238.3855,
2690, 729.2951,  -1.2083,-235.9778,
2691, 728.9280,  -1.2223,-233.5845,
2692, 728.5168,  -1.2368,-231.2052,
2693, 728.0605,  -1.2529,-228.8411,
2694, 727.5596,  -1.2716,-226.4934,
2695, 727.0158,  -1.2924,-224.1616,
2696, 726.4269,  -1.3127,-221.8474,
2697, 725.7939,  -1.3321,-219.5512,
2698, 725.1180,  -1.3509,-217.2734,
2699, 724.3994,  -1.3690,-215.0151,
2700, 723.6389,  -1.3862,-212.7773,
2701, 722.8375,  -1.4016,-210.5599,
2702, 722.8375,  -1.4016,-210.5599,
2703, 722.8375,  -1.4016,-210.5599,
2704, 722.8375,  -1.4016,-210.5599,
2705, 722.8375,  -1.4016,-210.5599,
2706, 722.8375,  -1.4016,-210.5599,
2707, 722.8375,  -1.4016,-210.5599,
2708, 722.8375,  -1.4016,-210.5599,
2709, 722.8375,  -1.4016,-210.5599,
2710, 722.8375,  -1.4016,-210.5599,
2711, 722.8375,  -1.4016,-210.5599,
2712, 722.8375,  -1.4016,-210.5599,
2713, 722.8375,  -1.4016,-210.5599,
2714, 722.8375,  -1.4016,-210.5599,
2715, 722.8375,  -1.4016,-210.5599,
2716, 722.8375,  -1.4016,-210.5599,
2717, 722.8375,  -1.4016,-210.5599,
2718, 722.8375,  -1.4016,-210.5599,
2719, 722.8375,  -1.4016,-210.5599,
2720, 722.8375,  -1.4016,-210.5599,
2721, 722.8375,  -1.4016,-210.5599,
2722, 722.8375,  -1.4016,-210.5599,
2723, 722.8375,  -1.4016,-210.5599,
2724, 722.8375,  -1.4016,-210.5599,
