 -45.3038,   0.1534,-384.7457,
 -43.4513,   0.1531,-384.7441,
 -41.5985,   0.1516,-384.7418,
 -39.7456,   0.1494,-384.7393,
 -37.8927,   0.1474,-384.7366,
 -36.0395,   0.1463,-384.7338,
 -34.1869,   0.1458,-384.7307,
 -32.3344,   0.1438,-384.7276,
 -30.4816,   0.1407,-384.7242,
 -28.6284,   0.1384,-384.7205,
 -26.7756,   0.1378,-384.7161,
 -24.9230,   0.1379,-384.7113,
 -23.0704,   0.1379,-384.7064,
 -21.2173,   0.1388,-384.7013,
 -19.3644,   0.1411,-384.6958,
 -17.5120,   0.1437,-384.6903,
 -15.6599,   0.1445,-384.6842,
 -13.8072,   0.1440,-384.6774,
 -11.9530,   0.1446,-384.6702,
 -10.0921,   0.1474,-384.6623,
  -8.2197,   0.1514,-384.6541,
  -6.3327,   0.1550,-384.6457,
  -4.4280,   0.1580,-384.6365,
  -2.5036,   0.1614,-384.6267,
  -0.5583,   0.1656,-384.6161,
   1.4079,   0.1693,-384.6051,
   3.3956,   0.1715,-384.5930,
   5.4055,   0.1722,-384.5799,
   7.4379,   0.1722,-384.5660,
   9.4930,   0.1720,-384.5515,
  11.5704,   0.1717,-384.5359,
  13.6701,   0.1715,-384.5194,
  15.7917,   0.1703,-384.5019,
  17.9350,   0.1685,-384.4832,
  20.1005,   0.1673,-384.4630,
  22.2868,   0.1647,-384.4415,
  24.4933,   0.1598,-384.4188,
  26.7167,   0.1549,-384.3948,
  28.9485,   0.1508,-384.3697,
  31.1821,   0.1480,-384.3438,
  33.4155,   0.1462,-384.3169,
  35.6519,   0.1456,-384.2885,
  37.8972,   0.1484,-384.2587,
  40.1500,   0.1518,-384.2279,
  42.4114,   0.1545,-384.1965,
  44.6835,   0.1579,-384.1642,
  46.9679,   0.1639,-384.1310,
  49.2652,   0.1702,-384.0970,
  51.5766,   0.1738,-384.0621,
  53.9037,   0.1748,-384.0266,
  56.2478,   0.1761,-383.9909,
  58.6091,   0.1782,-383.9550,
  60.9874,   0.1795,-383.9187,
  63.3829,   0.1799,-383.8826,
  65.7963,   0.1801,-383.8489,
  68.2271,   0.1790,-383.8183,
  70.6755,   0.1755,-383.7916,
  73.1421,   0.1713,-383.7699,
  75.6268,   0.1670,-383.7540,
  78.1293,   0.1623,-383.7438,
  80.6497,   0.1584,-383.7394,
  83.1882,   0.1558,-383.7397,
  85.7442,   0.1545,-383.7436,
  88.3177,   0.1542,-383.7501,
  90.9086,   0.1552,-383.7576,
  93.5165,   0.1559,-383.7657,
  96.1412,   0.1550,-383.7750,
  98.7832,   0.1530,-383.7851,
 101.4425,   0.1515,-383.7957,
 104.1191,   0.1511,-383.8065,
 106.8125,   0.1509,-383.8170,
 109.5223,   0.1502,-383.8283,
 112.2488,   0.1496,-383.8412,
 114.9917,   0.1484,-383.8542,
 117.7510,   0.1468,-383.8670,
 120.5268,   0.1455,-383.8798,
 123.3189,   0.1438,-383.8932,
 126.1270,   0.1405,-383.9059,
 128.9516,   0.1366,-383.9166,
 131.7928,   0.1341,-383.9261,
 134.6504,   0.1338,-383.9342,
 137.5240,   0.1348,-383.9405,
 140.4131,   0.1363,-383.9457,
 143.3176,   0.1375,-383.9498,
 146.2381,   0.1406,-383.9517,
 149.1738,   0.1443,-383.9515,
 152.1246,   0.1475,-383.9492,
 155.0911,   0.1515,-383.9453,
 158.0728,   0.1567,-383.9398,
 161.0693,   0.1607,-383.9320,
 164.0806,   0.1636,-383.9223,
 167.1068,   0.1658,-383.9111,
 170.1477,   0.1661,-383.8982,
 173.2032,   0.1646,-383.8829,
 176.2739,   0.1635,-383.8649,
 179.3598,   0.1646,-383.8449,
 182.4600,   0.1672,-383.8236,
 185.5738,   0.1671,-383.8015,
 188.7016,   0.1641,-383.7776,
 191.8437,   0.1598,-383.7520,
 195.0004,   0.1557,-383.7245,
 198.1712,   0.1521,-383.6956,
 201.3563,   0.1505,-383.6651,
 204.5551,   0.1504,-383.6330,
 207.7672,   0.1497,-383.5996,
 210.9925,   0.1477,-383.5648,
 214.2304,   0.1445,-383.5281,
 217.4780,   0.1426,-383.4894,
 220.7292,   0.1409,-383.4491,
 223.9813,   0.1394,-383.4070,
 227.2323,   0.1402,-383.3622,
 230.4850,   0.1422,-383.3147,
 233.7415,   0.1471,-383.2641,
 237.0013,   0.1525,-383.2091,
 240.2651,   0.1566,-383.1489,
 243.5342,   0.1594,-383.0836,
 246.8093,   0.1598,-383.0124,
 250.0920,   0.1563,-382.9348,
 253.3835,   0.1511,-382.8509,
 256.6849,   0.1483,-382.7596,
 259.9963,   0.1490,-382.6623,
 263.3173,   0.1499,-382.5587,
 266.6479,   0.1491,-382.4472,
 269.9889,   0.1480,-382.3277,
 273.3404,   0.1473,-382.2005,
 276.7023,   0.1471,-382.0665,
 280.0751,   0.1484,-381.9279,
 283.4581,   0.1494,-381.7867,
 286.8521,   0.1493,-381.6475,
 290.2578,   0.1520,-381.5159,
 293.6745,   0.1578,-381.3959,
 297.1018,   0.1637,-381.2903,
 300.5398,   0.1682,-381.2014,
 303.9886,   0.1711,-381.1295,
 307.4482,   0.1720,-381.0739,
 310.9186,   0.1720,-381.0331,
 314.3999,   0.1703,-381.0073,
 317.8921,   0.1674,-380.9950,
 321.3956,   0.1668,-380.9940,
 324.9100,   0.1690,-381.0033,
 328.4344,   0.1708,-381.0219,
 331.9688,   0.1694,-381.0491,
 335.5133,   0.1647,-381.0843,
 339.0683,   0.1565,-381.1268,
 342.6344,   0.1482,-381.1773,
 346.2119,   0.1446,-381.2357,
 349.7998,   0.1458,-381.3018,
 353.3977,   0.1493,-381.3755,
 357.0051,   0.1521,-381.4544,
 360.6220,   0.1517,-381.5387,
 364.2487,   0.1476,-381.6275,
 367.8858,   0.1421,-381.7206,
 371.5331,   0.1365,-381.8173,
 375.1908,   0.1320,-381.9165,
 378.8588,   0.1301,-382.0169,
 382.5367,   0.1292,-382.1183,
 386.2248,   0.1305,-382.2198,
 389.9229,   0.1344,-382.3206,
 393.6308,   0.1397,-382.4202,
 397.3480,   0.1439,-382.5175,
 401.0746,   0.1458,-382.6119,
 404.8112,   0.1474,-382.7039,
 408.5577,   0.1502,-382.7935,
 412.3142,   0.1553,-382.8799,
 416.0798,   0.1584,-382.9629,
 419.8546,   0.1581,-383.0426,
 423.6392,   0.1566,-383.1198,
 427.4335,   0.1540,-383.1938,
 431.2378,   0.1510,-383.2645,
 435.0518,   0.1495,-383.3331,
 438.8750,   0.1464,-383.4001,
 442.7076,   0.1421,-383.4651,
 446.5499,   0.1399,-383.5282,
 450.4013,   0.1381,-383.5901,
 454.2623,   0.1382,-383.6505,
 458.1326,   0.1393,-383.7095,
 462.0119,   0.1399,-383.7675,
 465.9005,   0.1429,-383.8247,
 469.7981,   0.1493,-383.8813,
 473.7043,   0.1565,-383.9374,
 477.6187,   0.1606,-383.9939,
 481.5419,   0.1620,-384.0511,
 485.4746,   0.1664,-384.1096,
 489.4167,   0.1752,-384.1696,
 493.3670,   0.1852,-384.2308,
 497.3255,   0.1939,-384.2919,
 501.2926,   0.2024,-384.3519,
 505.2688,   0.2135,-384.4089,
 509.2536,   0.2268,-384.4601,
 513.2467,   0.2397,-384.5029,
 517.2486,   0.2542,-384.5341,
 521.2598,   0.2748,-384.5509,
 525.2793,   0.3042,-384.5519,
 529.3060,   0.3345,-384.5369,
 533.3398,   0.3618,-384.5057,
 537.3811,   0.3859,-384.4582,
 541.4299,   0.4065,-384.3920,
 545.4863,   0.4254,-384.3049,
 549.5492,   0.4378,-384.1950,
 553.6196,   0.4450,-384.0589,
 557.6967,   0.4480,-383.8947,
 561.7808,   0.4480,-383.7002,
 565.8713,   0.4457,-383.4742,
 569.9674,   0.4364,-383.2172,
 574.0699,   0.4252,-382.9255,
 578.1783,   0.4178,-382.5963,
 582.2916,   0.4137,-382.2298,
 586.4079,   0.4035,-381.8271,
 590.5266,   0.3810,-381.3852,
 594.6481,   0.3497,-380.8968,
 598.7712,   0.3107,-380.3614,
 602.8954,   0.2618,-379.7788,
 607.0197,   0.2075,-379.1417,
 611.1426,   0.1517,-378.4464,
 615.2623,   0.0890,-377.6950,
 619.3762,   0.0214,-376.8737,
 623.4807,  -0.0455,-375.9781,
 627.5718,  -0.1096,-375.0093,
 631.6448,  -0.1709,-373.9658,
 635.6951,  -0.2292,-372.8417,
 639.7174,  -0.2805,-371.6330,
 643.7070,  -0.3225,-370.3372,
 647.6584,  -0.3566,-368.9530,
 651.5671,  -0.3833,-367.4796,
 655.4291,  -0.4026,-365.9156,
 659.2369,  -0.4068,-364.2538,
 662.9867,  -0.3982,-362.4968,
 666.6756,  -0.3811,-360.6460,
 670.3005,  -0.3589,-358.7051,
 673.8604,  -0.3336,-356.6768,
 677.3542,  -0.3088,-354.5668,
 680.7781,  -0.2834,-352.3730,
 684.1265,  -0.2539,-350.0951,
 687.3922,  -0.2181,-347.7308,
 690.5728,  -0.1770,-345.2824,
 693.6713,  -0.1341,-342.7577,
 696.6846,  -0.0864,-340.1564,
 699.6074,  -0.0369,-337.4790,
 702.4340,   0.0137,-334.7243,
 705.1599,   0.0694,-331.8937,
 707.7785,   0.1323,-328.9878,
 710.2927,   0.1969,-326.0139,
 712.7068,   0.2612,-322.9789,
 715.0122,   0.3319,-319.8844,
 717.2092,   0.4022,-316.7342,
 719.2956,   0.4681,-313.5290,
 721.2737,   0.5310,-310.2738,
 723.1395,   0.5913,-306.9715,
 724.8897,   0.6454,-303.6255,
 726.5212,   0.6977,-300.2375,
 728.0359,   0.7465,-296.8119,
 729.4326,   0.7911,-293.3544,
 730.7107,   0.8302,-289.8681,
 731.8684,   0.8599,-286.3558,
 732.8981,   0.8851,-282.8209,
 733.8069,   0.9020,-279.2679,
 734.5918,   0.9103,-275.6996,
 735.2532,   0.9107,-272.1169,
 735.7905,   0.9037,-268.5220,
 736.2001,   0.8910,-264.9161,
 736.4879,   0.8692,-261.3033,
 736.6509,   0.8391,-257.6847,
 736.6926,   0.8010,-254.0631,
 736.6100,   0.7564,-250.4421,
 736.4082,   0.7025,-246.8242,
 736.0865,   0.6411,-243.2128,
 735.6426,   0.5749,-239.6105,
 735.0790,   0.5043,-236.0211,
 734.3939,   0.4308,-232.4478,
 733.5980,   0.3514,-228.8924,
 732.6984,   0.2650,-225.3553,
 731.6942,   0.1772,-221.8375,
 730.5852,   0.0939,-218.3430,
 729.3795,   0.0123,-214.8717,
 728.0796,  -0.0645,-211.4252,
 726.6887,  -0.1339,-208.0040,
 725.2109,  -0.1967,-204.6104,
 723.6484,  -0.2547,-201.2453,
 722.0026,  -0.3089,-197.9107,
 720.2664,  -0.3550,-194.6130,
 718.4436,  -0.3989,-191.3539,
 716.5327,  -0.4412,-188.1379,
 714.5305,  -0.4803,-184.9689,
 712.4341,  -0.5142,-181.8542,
 710.2455,  -0.5461,-178.7975,
 707.9681,  -0.5765,-175.8036,
 705.6052,  -0.6077,-172.8763,
 703.1579,  -0.6389,-170.0220,
 700.6254,  -0.6674,-167.2473,
 698.0132,  -0.6952,-164.5554,
 695.3235,  -0.7242,-161.9488,
 692.5605,  -0.7556,-159.4282,
 689.7230,  -0.7873,-156.9966,
 686.8132,  -0.8194,-154.6567,
 683.8329,  -0.8542,-152.4078,
 680.7853,  -0.8912,-150.2521,
 677.6746,  -0.9351,-148.1862,
 674.4993,  -0.9805,-146.2169,
 671.2667,  -1.0310,-144.3389,
 667.9781,  -1.0870,-142.5540,
 664.6346,  -1.1453,-140.8660,
 661.2408,  -1.2070,-139.2730,
 657.7967,  -1.2674,-137.7797,
 654.3053,  -1.3229,-136.3881,
 650.7738,  -1.3793,-135.0908,
 647.2032,  -1.4363,-133.8892,
 643.5970,  -1.4909,-132.7818,
 639.9597,  -1.5462,-131.7622,
 636.2905,  -1.5956,-130.8369,
 632.5929,  -1.6344,-130.0050,
 628.8730,  -1.6730,-129.2522,
 625.1307,  -1.7113,-128.5781,
 621.3687,  -1.7455,-127.9773,
 617.5908,  -1.7837,-127.4356,
 613.7971,  -1.8281,-126.9492,
 609.9890,  -1.8776,-126.5064,
 606.1679,  -1.9317,-126.0927,
 602.3345,  -1.9870,-125.6973,
 598.4896,  -2.0389,-125.3112,
 594.6353,  -2.0924,-124.9281,
 590.7727,  -2.1581,-124.5434,
 586.8997,  -2.2277,-124.1572,
 583.0161,  -2.2987,-123.7717,
 579.1221,  -2.3718,-123.3890,
 575.2177,  -2.4490,-123.0100,
 571.3016,  -2.5223,-122.6349,
 567.3738,  -2.5832,-122.2629,
 563.4362,  -2.6327,-121.8898,
 559.4915,  -2.6803,-121.5076,
 555.5410,  -2.7301,-121.1050,
 551.5860,  -2.7790,-120.6693,
 547.6285,  -2.8276,-120.1956,
 543.6703,  -2.8762,-119.6801,
 539.7135,  -2.9265,-119.1229,
 535.7592,  -2.9810,-118.5214,
 531.8082,  -3.0451,-117.8784,
 527.8604,  -3.1181,-117.1905,
 523.9153,  -3.1928,-116.4575,
 519.9744,  -3.2680,-115.6784,
 516.0378,  -3.3475,-114.8555,
 512.1055,  -3.4360,-113.9922,
 508.1784,  -3.5270,-113.0832,
 504.2543,  -3.6238,-112.1387,
 500.3316,  -3.7253,-111.1693,
 496.4107,  -3.8300,-110.1757,
 492.4928,  -3.9281,-109.1485,
 488.5764,  -4.0196,-108.0861,
 484.6609,  -4.1147,-106.9970,
 480.7498,  -4.2141,-105.8707,
 476.8454,  -4.3142,-104.6997,
 472.9512,  -4.4084,-103.4737,
 469.0696,  -4.5003,-102.1899,
 465.2021,  -4.5937,-100.8473,
 461.3505,  -4.6854, -99.4424,
 457.5157,  -4.7756, -97.9761,
 451.4189,  -4.9171, -95.5008,
 447.6346,  -5.0024, -93.8720,
 443.8708,  -5.0856, -92.1829,
 440.1257,  -5.1720, -90.4394,
 436.3997,  -5.2610, -88.6409,
 432.6930,  -5.3496, -86.7869,
 429.0048,  -5.4375, -84.8800,
 425.3339,  -5.5217, -82.9226,
 421.6790,  -5.6024, -80.9190,
 418.0387,  -5.6836, -78.8739,
 414.4117,  -5.7676, -76.7903,
 410.7975,  -5.8527, -74.6685,
 407.1970,  -5.9386, -72.5080,
 403.6126,  -6.0260, -70.3066,
 400.0456,  -6.1138, -68.0624,
 396.4986,  -6.2011, -65.7730,
 392.9755,  -6.2838, -63.4327,
 389.4786,  -6.3592, -61.0401,
 386.0071,  -6.4293, -58.5981,
 382.5622,  -6.4952, -56.1071,
 379.1441,  -6.5614, -53.5698,
 375.7526,  -6.6336, -50.9880,
 372.3886,  -6.7109, -48.3605,
 369.0539,  -6.7904, -45.6852,
 365.7502,  -6.8693, -42.9610,
 362.4768,  -6.9485, -40.1903,
 359.2345,  -7.0247, -37.3729,
 356.0246,  -7.0945, -34.5081,
 352.8455,  -7.1601, -31.5996,
 349.6976,  -7.2216, -28.6476,
 346.5817,  -7.2774, -25.6524,
 343.4954,  -7.3303, -22.6182,
 340.4377,  -7.3829, -19.5461,
 337.4099,  -7.4332, -16.4354,
 334.4111,  -7.4823, -13.2877,
 331.4420,  -7.5294, -10.1035,
 328.5019,  -7.5734,  -6.8836,
 325.5918,  -7.6136,  -3.6278,
 322.7139,  -7.6480,  -0.3351,
 319.8661,  -7.6772,   2.9918,
 317.0465,  -7.7053,   6.3497,
 314.2558,  -7.7312,   9.7398,
 311.4933,  -7.7541,  13.1608,
 308.7585,  -7.7748,  16.6116,
 306.0490,  -7.7951,  20.0898,
 303.3642,  -7.8175,  23.5938,
 300.7043,  -7.8438,  27.1240,
 298.0692,  -7.8736,  30.6799,
 295.4576,  -7.9077,  34.2610,
 292.8708,  -7.9429,  37.8681,
 290.3076,  -7.9795,  41.4996,
 287.7682,  -8.0177,  45.1554,
 285.2528,  -8.0568,  48.8356,
 282.7627,  -8.0944,  52.5409,
 280.2978,  -8.1267,  56.2713,
 277.8567,  -8.1536,  60.0250,
 275.4381,  -8.1762,  63.8006,
 273.0418,  -8.1940,  67.5977,
 270.6667,  -8.2061,  71.4153,
 268.3117,  -8.2147,  75.2517,
 265.9749,  -8.2241,  79.1055,
 263.6545,  -8.2371,  82.9754,
 261.3502,  -8.2524,  86.8616,
 259.0620,  -8.2671,  90.7646,
 256.7892,  -8.2788,  94.6839,
 254.5318,  -8.2833,  98.6194,
 252.2891,  -8.2812, 102.5698,
 250.0594,  -8.2799, 106.5326,
 247.8439,  -8.2794, 110.5064,
 245.6441,  -8.2809, 114.4884,
 243.4599,  -8.2858, 118.4763,
 241.2919,  -8.2912, 122.4704,
 239.1406,  -8.2913, 126.4726,
 237.0074,  -8.2832, 130.4829,
 234.8913,  -8.2750, 134.5007,
 232.7916,  -8.2689, 138.5272,
 230.7080,  -8.2636, 142.5629,
 228.6403,  -8.2583, 146.6087,
 226.5872,  -8.2543, 150.6642,
 224.5476,  -8.2531, 154.7294,
 222.5193,  -8.2555, 158.8040,
 220.5002,  -8.2608, 162.8876,
 218.4883,  -8.2678, 166.9796,
 216.4813,  -8.2746, 171.0795,
 214.4762,  -8.2765, 175.1864,
 212.4695,  -8.2724, 179.2983,
 210.4592,  -8.2669, 183.4133,
 208.4485,  -8.2632, 187.5206,
 206.4511,  -8.2608, 191.5880,
 204.4727,  -8.2616, 195.6039,
 202.5146,  -8.2667, 199.5629,
 200.5773,  -8.2705, 203.4592,
 198.6565,  -8.2668, 207.2946,
 196.7433,  -8.2539, 211.0675,
 194.8345,  -8.2341, 214.7715,
 192.9267,  -8.2099, 218.4050,
 191.0133,  -8.1817, 221.9678,
 189.0895,  -8.1534, 225.4603,
 187.1549,  -8.1283, 228.8811,
 185.2100,  -8.1061, 232.2288,
 183.2482,  -8.0863, 235.5049,
 181.2574,  -8.0714, 238.7214,
 179.2289,  -8.0636, 241.8853,
 177.1633,  -8.0609, 244.9893,
 175.0711,  -8.0597, 248.0229,
 172.9568,  -8.0608, 250.9851,
 170.8171,  -8.0658, 253.8755,
 168.6515,  -8.0741, 256.6945,
 166.4627,  -8.0855, 259.4431,
 164.2476,  -8.1006, 262.1231,
 161.9995,  -8.1182, 264.7338,
 159.7212,  -8.1399, 267.2763,
 157.4243,  -8.1643, 269.7471,
 155.1192,  -8.1915, 272.1446,
 152.8079,  -8.2169, 274.4617,
 150.4843,  -8.2383, 276.6956,
 148.1382,  -8.2595, 278.8568,
 145.7613,  -8.2835, 280.9508,
 143.3559,  -8.3097, 282.9739,
 140.9333,  -8.3303, 284.9140,
 138.5058,  -8.3406, 286.7697,
 136.0722,  -8.3471, 288.5509,
 133.6161,  -8.3529, 290.2599,
 131.1394,  -8.3574, 291.8963,
 128.6429,  -8.3604, 293.4588,
 126.1272,  -8.3636, 294.9488,
 123.5926,  -8.3678, 296.3652,
 121.0397,  -8.3716, 297.7066,
 118.4674,  -8.3707, 298.9662,
 115.8760,  -8.3623, 300.1399,
 113.2685,  -8.3478, 301.2319,
 110.6490,  -8.3338, 302.2482,
 108.0188,  -8.3207, 303.1863,
 105.3803,  -8.3071, 304.0423,
 102.7355,  -8.2940, 304.8189,
 100.0857,  -8.2817, 305.5172,
  97.4331,  -8.2701, 306.1346,
  94.7801,  -8.2578, 306.6695,
  92.1289,  -8.2431, 307.1221,
  89.4817,  -8.2236, 307.4907,
  86.8406,  -8.2026, 307.7776,
  84.2062,  -8.1834, 307.9857,
  81.5801,  -8.1645, 308.1130,
  78.9639,  -8.1447, 308.1606,
  76.3588,  -8.1215, 308.1290,
  73.7670,  -8.0941, 308.0213,
  71.1904,  -8.0638, 307.8401,
  68.6308,  -8.0323, 307.5831,
  66.0911,  -7.9989, 307.2498,
  63.5737,  -7.9639, 306.8405,
  61.0830,  -7.9269, 306.3523,
  58.6220,  -7.8884, 305.7854,
  56.1927,  -7.8507, 305.1440,
  53.7975,  -7.8163, 304.4298,
  51.4396,  -7.7857, 303.6412,
  49.1226,  -7.7571, 302.7766,
  46.8486,  -7.7289, 301.8375,
  44.6199,  -7.7020, 300.8257,
  42.4387,  -7.6769, 299.7418,
  40.3062,  -7.6547, 298.5883,
  38.2245,  -7.6345, 297.3663,
  36.1971,  -7.6144, 296.0764,
  34.2255,  -7.5959, 294.7226,
  32.3111,  -7.5816, 293.3064,
  30.4557,  -7.5717, 291.8293,
  28.6596,  -7.5659, 290.2938,
  26.9253,  -7.5633, 288.7006,
  25.2535,  -7.5640, 287.0526,
  23.6439,  -7.5682, 285.3529,
  22.0962,  -7.5757, 283.6031,
  20.6098,  -7.5861, 281.8035,
  19.1838,  -7.5990, 279.9550,
  17.8169,  -7.6140, 278.0591,
  16.5082,  -7.6310, 276.1168,
  15.2576,  -7.6504, 274.1289,
  14.0642,  -7.6722, 272.0968,
  12.9284,  -7.6947, 270.0211,
  11.8511,  -7.7154, 267.9021,
  10.8328,  -7.7324, 265.7409,
   9.8729,  -7.7461, 263.5396,
   8.9702,  -7.7569, 261.2999,
   8.1246,  -7.7651, 259.0231,
   7.3359,  -7.7700, 256.7104,
   6.6024,  -7.7704, 254.3636,
   5.9232,  -7.7672, 251.9845,
   5.2963,  -7.7618, 249.5754,
   4.7199,  -7.7533, 247.1373,
   4.1936,  -7.7407, 244.6713,
   3.7163,  -7.7230, 242.1788,
   3.2856,  -7.6996, 239.6614,
   2.8993,  -7.6711, 237.1208,
   2.5562,  -7.6377, 234.5579,
   2.2530,  -7.5991, 231.9740,
   1.9858,  -7.5577, 229.3705,
   1.7519,  -7.5153, 226.7482,
   1.5484,  -7.4721, 224.1075,
   1.3714,  -7.4281, 221.4489,
   1.2186,  -7.3830, 218.7727,
   1.0846,  -7.3384, 216.0797,
   0.9652,  -7.2932, 213.3699,
   0.8554,  -7.2456, 210.6435,
   0.7449,  -7.1949, 207.9010,
   0.6241,  -7.1423, 205.1440,
   0.4848,  -7.0901, 202.3734,
   0.3173,  -7.0363, 199.5895,
   0.1155,  -6.9796, 196.7933,
  -0.1243,  -6.9200, 193.9859,
  -0.4079,  -6.8576, 191.1688,
  -0.7391,  -6.7916, 188.3434,
  -1.1203,  -6.7233, 185.5113,
  -1.5544,  -6.6536, 182.6750,
  -2.0434,  -6.5834, 179.8389,
  -2.5883,  -6.5139, 177.0089,
  -3.1874,  -6.4477, 174.1898,
  -3.8462,  -6.3808, 171.3870,
  -4.5665,  -6.3099, 168.6054,
  -5.3474,  -6.2348, 165.8483,
  -6.1905,  -6.1553, 163.1194,
  -7.0955,  -6.0737, 160.4216,
  -8.0640,  -5.9904, 157.7574,
  -9.0965,  -5.9039, 155.1307,
 -10.1902,  -5.8167, 152.5427,
 -11.3468,  -5.7292, 149.9966,
 -12.5669,  -5.6404, 147.4956,
 -13.8481,  -5.5505, 145.0413,
 -15.1910,  -5.4577, 142.6385,
 -16.5911,  -5.3626, 140.2920,
 -18.0462,  -5.2669, 138.0021,
 -19.5528,  -5.1694, 135.7756,
 -21.1094,  -5.0716, 133.6119,
 -22.7116,  -4.9733, 131.5152,
 -24.3540,  -4.8750, 129.4880,
 -26.0388,  -4.7762, 127.5289,
 -27.7680,  -4.6771, 125.6387,
 -29.5375,  -4.5809, 123.8173,
 -31.3500,  -4.4894, 122.0600,
 -33.2028,  -4.4044, 120.3663,
 -35.0916,  -4.3264, 118.7393,
 -36.9992,  -4.2532, 117.1878,
 -38.9222,  -4.1855, 115.7119,
 -40.8785,  -4.1218, 114.3049,
 -42.8671,  -4.0623, 112.9654,
 -44.8850,  -4.0072, 111.6975,
 -46.9303,  -3.9563, 110.5024,
 -49.0017,  -3.9109, 109.3780,
 -51.0979,  -3.8709, 108.3251,
 -53.2180,  -3.8348, 107.3460,
 -55.3599,  -3.8009, 106.4418,
 -57.5220,  -3.7697, 105.6119,
 -59.7032,  -3.7412, 104.8572,
 -61.9019,  -3.7163, 104.1769,
 -64.1164,  -3.6949, 103.5712,
 -66.3448,  -3.6766, 103.0410,
 -68.5854,  -3.6612, 102.5868,
 -70.8374,  -3.6478, 102.2103,
 -73.0993,  -3.6366, 101.9101,
 -75.3700,  -3.6290, 101.6837,
 -77.6489,  -3.6249, 101.5312,
 -79.9353,  -3.6218, 101.4541,
 -82.2287,  -3.6181, 101.4521,
 -84.5284,  -3.6150, 101.5216,
 -86.8344,  -3.6145, 101.6598,
 -89.1469,  -3.6175, 101.8652,
 -91.4660,  -3.6226, 102.1374,
 -93.7914,  -3.6278, 102.4758,
 -96.1221,  -3.6319, 102.8788,
 -98.4569,  -3.6345, 103.3448,
-100.7948,  -3.6368, 103.8720,
-103.1347,  -3.6392, 104.4595,
-105.4754,  -3.6406, 105.1077,
-107.8156,  -3.6408, 105.8163,
-110.1536,  -3.6400, 106.5853,
-112.4880,  -3.6392, 107.4144,
-114.8170,  -3.6387, 108.3041,
-117.1391,  -3.6372, 109.2556,
-119.4528,  -3.6344, 110.2677,
-121.7565,  -3.6307, 111.3406,
-124.0487,  -3.6258, 112.4741,
-126.3282,  -3.6197, 113.6672,
-128.5939,  -3.6131, 114.9190,
-130.8452,  -3.6069, 116.2275,
-133.0810,  -3.6005, 117.5929,
-135.2993,  -3.5916, 119.0163,
-137.4989,  -3.5792, 120.4966,
-139.6787,  -3.5622, 122.0329,
-141.8386,  -3.5436, 123.6213,
-143.9788,  -3.5270, 125.2595,
-146.0979,  -3.5125, 126.9486,
-148.1948,  -3.4992, 128.6885,
-150.2686,  -3.4864, 130.4790,
-152.3178,  -3.4740, 132.3198,
-154.3419,  -3.4640, 134.2089,
-156.3404,  -3.4566, 136.1456,
-158.3124,  -3.4484, 138.1307,
-160.2568,  -3.4363, 140.1636,
-162.1728,  -3.4223, 142.2429,
-164.0638,  -3.4118, 144.3632,
-165.9346,  -3.4078, 146.5202,
-167.7877,  -3.4072, 148.7128,
-169.6269,  -3.4062, 150.9384,
-171.4565,  -3.4048, 153.1920,
-173.2815,  -3.4045, 155.4688,
-175.1057,  -3.4043, 157.7660,
-176.9321,  -3.4036, 160.0812,
-178.7631,  -3.4023, 162.4124,
-180.6006,  -3.3972, 164.7589,
-182.4460,  -3.3864, 167.1189,
-184.2993,  -3.3735, 169.4907,
-186.1611,  -3.3623, 171.8734,
-188.0321,  -3.3521, 174.2671,
-189.9124,  -3.3400, 176.6724,
-191.8027,  -3.3238, 179.0886,
-193.7034,  -3.3023, 181.5147,
-195.6145,  -3.2768, 183.9497,
-197.5361,  -3.2507, 186.3927,
-199.4697,  -3.2263, 188.8426,
-201.4162,  -3.2013, 191.2994,
-203.3748,  -3.1752, 193.7634,
-205.3457,  -3.1477, 196.2343,
-207.3290,  -3.1183, 198.7121,
-209.3238,  -3.0870, 201.1969,
-211.3299,  -3.0554, 203.6886,
-213.3470,  -3.0226, 206.1873,
-215.3741,  -2.9876, 208.6939,
-217.4088,  -2.9521, 211.2090,
-219.4478,  -2.9180, 213.7318,
-221.4870,  -2.8843, 216.2593,
-223.5232,  -2.8514, 218.7891,
-225.5551,  -2.8193, 221.3214,
-227.5845,  -2.7881, 223.8593,
-229.6111,  -2.7575, 226.4035,
-231.6351,  -2.7275, 228.9538,
-233.6580,  -2.6983, 231.5102,
-235.6806,  -2.6714, 234.0729,
-237.7042,  -2.6481, 236.6427,
-239.7307,  -2.6285, 239.2196,
-241.7614,  -2.6100, 241.8043,
-243.7969,  -2.5923, 244.3965,
-245.8372,  -2.5775, 246.9965,
-247.8829,  -2.5662, 249.6045,
-249.9347,  -2.5566, 252.2207,
-251.9928,  -2.5486, 254.8453,
-254.0576,  -2.5408, 257.4785,
-256.1286,  -2.5334, 260.1202,
-258.2059,  -2.5274, 262.7704,
-260.2899,  -2.5207, 265.4289,
-262.3806,  -2.5115, 268.0961,
-264.4774,  -2.5010, 270.7716,
-266.5799,  -2.4931, 273.4551,
-268.6885,  -2.4891, 276.1465,
-270.8035,  -2.4896, 278.8463,
-272.9247,  -2.4942, 281.5546,
-275.0528,  -2.5012, 284.2716,
-277.1872,  -2.5108, 286.9973,
-279.3284,  -2.5235, 289.7316,
-281.4767,  -2.5368, 292.4745,
-283.6316,  -2.5489, 295.2264,
-285.7936,  -2.5601, 297.9862,
-287.9633,  -2.5701, 300.7535,
-290.1400,  -2.5807, 303.5280,
-292.3243,  -2.5941, 306.3096,
-294.5164,  -2.6116, 309.0979,
-296.7165,  -2.6345, 311.8929,
-298.9245,  -2.6616, 314.6951,
-301.1415,  -2.6911, 317.5040,
-303.3670,  -2.7201, 320.3203,
-305.6005,  -2.7485, 323.1438,
-307.8422,  -2.7774, 325.9742,
-310.0915,  -2.8096, 328.8110,
-312.3487,  -2.8463, 331.6545,
-314.6149,  -2.8859, 334.5046,
-316.8888,  -2.9293, 337.3616,
-319.1707,  -2.9747, 340.2259,
-321.4618,  -3.0193, 343.0972,
-323.7617,  -3.0621, 345.9753,
-326.0697,  -3.1026, 348.8605,
-328.3848,  -3.1422, 351.7530,
-330.7068,  -3.1827, 354.6527,
-333.0362,  -3.2254, 357.5592,
-335.3729,  -3.2699, 360.4728,
-337.7167,  -3.3125, 363.3945,
-340.0677,  -3.3513, 366.3237,
-342.4247,  -3.3893, 369.2603,
-344.7870,  -3.4279, 372.2051,
-347.1548,  -3.4667, 375.1582,
-349.5285,  -3.5036, 378.1200,
-351.9069,  -3.5369, 381.0910,
-354.2905,  -3.5690, 384.0702,
-356.6791,  -3.6022, 387.0571,
-359.0735,  -3.6333, 390.0522,
-361.4736,  -3.6588, 393.0558,
-363.8793,  -3.6786, 396.0672,
-366.2916,  -3.6928, 399.0854,
-368.7106,  -3.7037, 402.1096,
-371.1364,  -3.7153, 405.1389,
-373.5704,  -3.7303, 408.1727,
-376.0136,  -3.7455, 411.2111,
-378.4668,  -3.7557, 414.2540,
-380.9301,  -3.7581, 417.3006,
-383.4032,  -3.7561, 420.3499,
-385.8858,  -3.7553, 423.4015,
-388.3781,  -3.7577, 426.4553,
-390.8813,  -3.7627, 429.5114,
-393.3966,  -3.7661, 432.5693,
-395.9244,  -3.7676, 435.6281,
-398.4653,  -3.7675, 438.6870,
-401.0204,  -3.7650, 441.7451,
-403.5910,  -3.7590, 444.8016,
-406.1772,  -3.7493, 447.8558,
-408.7780,  -3.7421, 450.9071,
-411.3926,  -3.7424, 453.9560,
-414.0221,  -3.7496, 457.0027,
-416.6685,  -3.7603, 460.0461,
-419.3323,  -3.7708, 463.0865,
-422.0100,  -3.7823, 466.1211,
-424.6913,  -3.7957, 469.1351,
-427.3602,  -3.8116, 472.1097,
-430.0078,  -3.8326, 475.0348,
-432.6312,  -3.8587, 477.9050,
-435.2319,  -3.8889, 480.7166,
-437.8127,  -3.9237, 483.4677,
-440.3763,  -3.9657, 486.1576,
-442.9237,  -4.0166, 488.7813,
-445.4573,  -4.0777, 491.3341,
-447.9787,  -4.1484, 493.8124,
-450.4889,  -4.2285, 496.2161,
-452.9900,  -4.3192, 498.5457,
-455.4852,  -4.4208, 500.7957,
-457.9765,  -4.5331, 502.9638,
-460.4648,  -4.6559, 505.0512,
-462.9523,  -4.7845, 507.0555,
-465.4478,  -4.9161, 508.9733,
-467.9628,  -5.0492, 510.7979,
-470.4979,  -5.1788, 512.5288,
-473.0584,  -5.3006, 514.1690,
-475.6527,  -5.4181, 515.7151,
-478.2839,  -5.5262, 517.1613,
-480.9525,  -5.6187, 518.5088,
-483.6531,  -5.7018, 519.7632,
-486.3816,  -5.7765, 520.9219,
-489.1347,  -5.8444, 521.9877,
-491.9104,  -5.9043, 522.9554,
-494.7057,  -5.9560, 523.8270,
-497.5175,  -6.0000, 524.6060,
-500.3419,  -6.0411, 525.2960,
-503.1777,  -6.0748, 525.8898,
-506.0237,  -6.0949, 526.3830,
-508.8750,  -6.1005, 526.7812,
-511.7272,  -6.0973, 527.0978,
-514.5792,  -6.0952, 527.3513,
-517.4261,  -6.0952, 527.5466,
-520.2642,  -6.0933, 527.6813,
-523.0949,  -6.0869, 527.7545,
-525.9194,  -6.0787, 527.7685,
-528.7376,  -6.0726, 527.7228,
-531.5474,  -6.0648, 527.6013,
-534.3430,  -6.0367, 527.3727,
-537.1187,  -5.9809, 527.0471,
-539.8763,  -5.9196, 526.6477,
-542.6116,  -5.8603, 526.1736,
-545.3189,  -5.8009, 525.6198,
-547.9965,  -5.7386, 524.9838,
-550.6401,  -5.6713, 524.2615,
-553.2437,  -5.5956, 523.4479,
-555.8059,  -5.5122, 522.5480,
-558.3250,  -5.4249, 521.5662,
-560.7979,  -5.3393, 520.5020,
-563.2192,  -5.2530, 519.3530,
-565.5823,  -5.1627, 518.1163,
-567.8854,  -5.0679, 516.7960,
-570.1310,  -4.9706, 515.3997,
-572.3168,  -4.8770, 513.9291,
-574.4389,  -4.7878, 512.3818,
-576.4952,  -4.6998, 510.7578,
-578.4806,  -4.6084, 509.0531,
-580.3972,  -4.5137, 507.2732,
-582.2511,  -4.4186, 505.4245,
-584.0439,  -4.3267, 503.5098,
-585.7758,  -4.2389, 501.5294,
-587.4482,  -4.1516, 499.4854,
-589.0645,  -4.0620, 497.3820,
-590.6272,  -3.9651, 495.2227,
-592.1476,  -3.8600, 493.0182,
-593.6358,  -3.7490, 490.7771,
-595.0977,  -3.6353, 488.5039,
-596.5382,  -3.5228, 486.2023,
-597.9620,  -3.4135, 483.8748,
-599.3692,  -3.3068, 481.5210,
-600.7598,  -3.2023, 479.1411,
-602.1323,  -3.1008, 476.7344,
-603.4825,  -3.0051, 474.2996,
-604.8090,  -2.9190, 471.8362,
-606.1112,  -2.8424, 469.3438,
-607.3895,  -2.7763, 466.8227,
-608.6454,  -2.7226, 464.2742,
-609.8815,  -2.6807, 461.6995,
-611.1010,  -2.6495, 459.0997,
-612.3049,  -2.6268, 456.4753,
-613.4949,  -2.6103, 453.8268,
-614.6716,  -2.5997, 451.1552,
-615.8351,  -2.5956, 448.4612,
-616.9874,  -2.5974, 445.7456,
-618.1292,  -2.6035, 443.0085,
-619.2612,  -2.6135, 440.2504,
-620.3851,  -2.6261, 437.4722,
-621.5021,  -2.6411, 434.6747,
-622.6137,  -2.6587, 431.8587,
-623.7216,  -2.6789, 429.0249,
-624.8264,  -2.7009, 426.1734,
-625.9289,  -2.7218, 423.3044,
-627.0317,  -2.7408, 420.4194,
-628.1363,  -2.7596, 417.5197,
-629.2435,  -2.7801, 414.6060,
-630.3536,  -2.8014, 411.6779,
-631.4664,  -2.8231, 408.7354,
-632.5822,  -2.8459, 405.7789,
-633.7019,  -2.8698, 402.8090,
-634.8264,  -2.8940, 399.8254,
-635.9561,  -2.9174, 396.8288,
-637.0917,  -2.9392, 393.8195,
-638.2336,  -2.9579, 390.7981,
-639.3819,  -2.9742, 387.7667,
-640.5353,  -2.9877, 384.7293,
-641.6927,  -2.9978, 381.6907,
-642.8531,  -3.0041, 378.6534,
-644.0170,  -3.0065, 375.6175,
-645.1865,  -3.0055, 372.5798,
-646.3633,  -3.0033, 369.5408,
-647.5476,  -3.0005, 366.5001,
-648.7394,  -2.9964, 363.4569,
-649.9390,  -2.9918, 360.4103,
-651.1461,  -2.9894, 357.3593,
-652.3622,  -2.9902, 354.3032,
-653.5878,  -2.9917, 351.2408,
-654.8228,  -2.9910, 348.1711,
-656.0662,  -2.9893, 345.0941,
-657.3189,  -2.9874, 342.0097,
-658.5812,  -2.9847, 338.9177,
-659.8526,  -2.9802, 335.8176,
-661.1334,  -2.9723, 332.7091,
-662.4233,  -2.9597, 329.5925,
-663.7225,  -2.9425, 326.4680,
-665.0305,  -2.9222, 323.3359,
-666.3462,  -2.9009, 320.1960,
-667.6706,  -2.8791, 317.0485,
-669.0038,  -2.8563, 313.8930,
-670.3462,  -2.8316, 310.7298,
-671.6967,  -2.8066, 307.5588,
-673.0549,  -2.7831, 304.3800,
-674.4207,  -2.7606, 301.1930,
-675.7941,  -2.7366, 297.9973,
-677.1750,  -2.7105, 294.7931,
-678.5627,  -2.6849, 291.5806,
-679.9564,  -2.6616, 288.3597,
-681.3557,  -2.6417, 285.1300,
-682.7611,  -2.6254, 281.8915,
-684.1727,  -2.6120, 278.6440,
-685.5911,  -2.5980, 275.3871,
-687.0159,  -2.5804, 272.1208,
-688.4466,  -2.5588, 268.8453,
-689.8828,  -2.5334, 265.5608,
-691.3243,  -2.5045, 262.2674,
-692.7715,  -2.4726, 258.9655,
-694.2240,  -2.4421, 255.6557,
-695.6818,  -2.4141, 252.3375,
-697.1446,  -2.3848, 249.0101,
-698.6133,  -2.3515, 245.6740,
-700.0876,  -2.3160, 242.3298,
-701.5667,  -2.2827, 238.9778,
-703.0510,  -2.2512, 235.6173,
-704.5411,  -2.2187, 232.2483,
-706.0370,  -2.1824, 228.8706,
-707.5383,  -2.1438, 225.4851,
-709.0447,  -2.1074, 222.0920,
-710.5567,  -2.0741, 218.6913,
-712.0740,  -2.0434, 215.2825,
-713.5969,  -2.0142, 211.8655,
-715.1261,  -1.9794, 208.4393,
-716.6613,  -1.9336, 205.0045,
-718.2020,  -1.8782, 201.5619,
-719.7475,  -1.8185, 198.1124,
-721.2986,  -1.7529, 194.6557,
-722.8534,  -1.6841, 191.1916,
-724.4133,  -1.6167, 187.7212,
-725.9769,  -1.5513, 184.2431,
-727.5465,  -1.4813, 180.7575,
-729.1202,  -1.4068, 177.2642,
-730.6985,  -1.3279, 173.7639,
-732.2803,  -1.2474, 170.2564,
-733.8673,  -1.1659, 166.7426,
-735.4578,  -1.0907, 163.2226,
-737.0505,  -1.0209, 159.6942,
-738.6462,  -0.9484, 156.1570,
-740.2482,  -0.8749, 152.6135,
-741.8538,  -0.8035, 149.0627,
-743.4608,  -0.7294, 145.5027,
-745.0706,  -0.6503, 141.9348,
-746.6842,  -0.5723, 138.3604,
-748.2999,  -0.4917, 134.7779,
-749.9176,  -0.4105, 131.1875,
-751.5368,  -0.3254, 127.5889,
-753.1568,  -0.2375, 123.9819,
-754.7787,  -0.1453, 120.3675,
-756.4012,  -0.0523, 116.7452,
-758.0256,   0.0379, 113.1162,
-759.6506,   0.1231, 109.4796,
-761.2764,   0.2031, 105.8350,
-762.9037,   0.2841, 102.1822,
-764.5316,   0.3658,  98.5207,
-766.1596,   0.4468,  94.8511,
-767.7863,   0.5270,  91.1726,
-769.4111,   0.6047,  87.4852,
-771.0346,   0.6789,  83.7892,
-772.6552,   0.7528,  80.0827,
-774.2709,   0.8300,  76.3649,
-775.8806,   0.9116,  72.6357,
-777.4828,   0.9947,  68.8953,
-779.0759,   1.0766,  65.1431,
-780.6581,   1.1538,  61.3788,
-782.2278,   1.2271,  57.6010,
-783.7825,   1.2935,  53.8089,
-785.3199,   1.3578,  50.0009,
-786.8350,   1.4146,  46.1763,
-788.3249,   1.4628,  42.3333,
-789.7886,   1.5057,  38.4714,
-791.2261,   1.5420,  34.5916,
-792.6380,   1.5649,  30.6953,
-794.0260,   1.5675,  26.7836,
-795.3904,   1.5486,  22.8557,
-796.7291,   1.5125,  18.9097,
-798.0418,   1.4660,  14.9447,
-799.3278,   1.4098,  10.9611,
-800.5851,   1.3417,   6.9592,
-801.8097,   1.2621,   2.9374,
-803.0013,   1.1755,  -1.1045,
-804.1625,   1.0815,  -5.1646,
-805.2896,   0.9813,  -9.2442,
-806.3804,   0.8801, -13.3438,
-807.4277,   0.7762, -17.4642,
-808.4221,   0.6708, -21.6077,
-809.3616,   0.5689, -25.7741,
-810.2493,   0.4722, -29.9610,
-811.0851,   0.3822, -34.1675,
-811.8661,   0.3028, -38.3933,
-812.5933,   0.2276, -42.6360,
-813.2642,   0.1524, -46.8958,
-813.8732,   0.0807, -51.1733,
-814.4223,   0.0124, -55.4668,
-814.9083,  -0.0504, -59.7755,
-815.3287,  -0.1079, -64.0981,
-815.6803,  -0.1616, -68.4337,
-815.9582,  -0.2078, -72.7819,
-816.1642,  -0.2481, -77.1405,
-816.2988,  -0.2885, -81.5077,
-816.3632,  -0.3329, -85.8820,
-816.3523,  -0.3791, -90.2631,
-816.2614,  -0.4230, -94.6495,
-816.0905,  -0.4637, -99.0397,
-815.8411,  -0.5028,-103.4316,
-815.5151,  -0.5427,-107.8241,
-815.1093,  -0.5803,-112.2158,
-814.6271,  -0.6189,-116.6052,
-814.0661,  -0.6576,-120.9908,
-813.4238,  -0.6939,-125.3711,
-812.6953,  -0.7218,-129.7438,
-811.8863,  -0.7465,-134.1075,
-810.9969,  -0.7693,-138.4607,
-810.0278,  -0.7901,-142.8021,
-808.9765,  -0.8051,-147.1296,
-807.8458,  -0.8172,-151.4422,
-806.6356,  -0.8258,-155.7377,
-805.3477,  -0.8333,-160.0155,
-803.9822,  -0.8391,-164.2737,
-802.5406,  -0.8443,-168.5115,
-801.0227,  -0.8483,-172.7275,
-799.4263,  -0.8483,-176.9194,
-797.7528,  -0.8435,-181.0857,
-796.0051,  -0.8364,-185.2262,
-794.1860,  -0.8300,-189.3406,
-792.2943,  -0.8222,-193.4272,
-790.3310,  -0.8124,-197.4848,
-788.2912,  -0.7955,-201.5101,
-786.1762,  -0.7696,-205.5013,
-783.9883,  -0.7368,-209.4577,
-781.7315,  -0.7031,-213.3796,
-779.4026,  -0.6675,-217.2636,
-777.0029,  -0.6300,-221.1091,
-774.5322,  -0.5889,-224.9140,
-771.9938,  -0.5478,-228.6786,
-769.3854,  -0.5041,-232.3999,
-766.7072,  -0.4559,-236.0760,
-763.9594,  -0.4039,-239.7047,
-761.1433,  -0.3479,-243.2852,
-758.2670,  -0.2935,-246.8197,
-755.3347,  -0.2434,-250.3076,
-752.3505,  -0.1981,-253.7470,
-749.3170,  -0.1565,-257.1373,
-746.2350,  -0.1188,-260.4801,
-743.1024,  -0.0804,-263.7728,
-739.9233,  -0.0427,-267.0179,
-736.7009,  -0.0104,-270.2176,
-733.4341,   0.0146,-273.3721,
-730.1228,   0.0340,-276.4807,
-726.7678,   0.0466,-279.5443,
-723.3693,   0.0537,-282.5631,
-719.9250,   0.0594,-285.5348,
-716.4366,   0.0656,-288.4598,
-712.9081,   0.0685,-291.3416,
-709.3425,   0.0646,-294.1832,
-705.7380,   0.0588,-296.9834,
-702.0953,   0.0534,-299.7422,
-698.4147,   0.0531,-302.4589,
-694.7000,   0.0562,-305.1366,
-690.9525,   0.0605,-307.7766,
-687.1734,   0.0655,-310.3795,
-683.3640,   0.0703,-312.9465,
-679.5246,   0.0757,-315.4775,
-675.6531,   0.0882,-317.9696,
-671.7515,   0.1071,-320.4235,
-667.8216,   0.1303,-322.8403,
-663.8655,   0.1518,-325.2220,
-659.8832,   0.1701,-327.5686,
-655.8748,   0.1861,-329.8797,
-651.8389,   0.2037,-332.1534,
-647.7749,   0.2254,-334.3876,
-643.6843,   0.2524,-336.5829,
-639.5692,   0.2805,-338.7407,
-635.4294,   0.3088,-340.8611,
-631.2651,   0.3393,-342.9430,
-627.0765,   0.3722,-344.9865,
-622.8632,   0.4114,-346.9893,
-618.6254,   0.4577,-348.9510,
-614.3643,   0.5114,-350.8719,
-610.0829,   0.5666,-352.7555,
-605.7800,   0.6240,-354.6004,
-601.4548,   0.6895,-356.4046,
-597.1099,   0.7624,-358.1709,
-592.7446,   0.8466,-359.8987,
-588.3605,   0.9374,-361.5871,
-583.9592,   1.0304,-363.2394,
-579.5410,   1.1254,-364.8569,
-575.1066,   1.2225,-366.4402,
-570.6547,   1.3270,-367.9858,
-566.1851,   1.4408,-369.4908,
-561.7005,   1.5573,-370.9592,
-557.2014,   1.6715,-372.3924,
-552.6872,   1.7859,-373.7890,
-548.1558,   1.9034,-375.1418,
-543.6057,   2.0223,-376.4427,
-539.0380,   2.1382,-377.6910,
-534.4514,   2.2511,-378.8813,
-529.8466,   2.3639,-380.0105,
-525.2254,   2.4728,-381.0808,
-520.5896,   2.5714,-382.0956,
-515.9388,   2.6581,-383.0515,
-511.2726,   2.7306,-383.9447,
-506.5908,   2.7902,-384.7717,
-501.8934,   2.8405,-385.5294,
-497.1820,   2.8828,-386.2157,
-492.4589,   2.9101,-386.8375,
-487.7243,   2.9251,-387.3934,
-482.9797,   2.9253,-387.8867,
-478.2266,   2.9063,-388.3210,
-473.4653,   2.8670,-388.6974,
-468.6961,   2.8077,-389.0148,
-463.9192,   2.7317,-389.2719,
-459.1357,   2.6377,-389.4739,
-454.3453,   2.5312,-389.6231,
-449.5488,   2.4135,-389.7269,
-444.7459,   2.2881,-389.7891,
-439.9366,   2.1570,-389.8177,
-435.1216,   2.0186,-389.8217,
-430.3004,   1.8766,-389.8088,
-425.4723,   1.7344,-389.7868,
-420.6371,   1.5966,-389.7602,
-415.7951,   1.4660,-389.7294,
-410.9472,   1.3395,-389.6921,
-406.0928,   1.2206,-389.6453,
-401.2339,   1.1020,-389.5789,
-396.3696,   0.9802,-389.4904,
-391.4996,   0.8666,-389.3870,
-386.6240,   0.7596,-389.2701,
-381.7433,   0.6604,-389.1348,
-376.8572,   0.5697,-388.9897,
-371.9657,   0.4874,-388.8415,
-367.0687,   0.4157,-388.6966,
-362.1664,   0.3551,-388.5597,
-357.2593,   0.3030,-388.4339,
-352.3474,   0.2616,-388.3221,
-347.4305,   0.2310,-388.2243,
-342.5096,   0.2106,-388.1390,
-337.5856,   0.1911,-388.0624,
-332.6577,   0.1722,-387.9945,
-327.7254,   0.1564,-387.9340,
-322.7888,   0.1457,-387.8804,
-317.8479,   0.1393,-387.8322,
-312.9032,   0.1378,-387.7884,
-307.9547,   0.1390,-387.7477,
-303.0027,   0.1412,-387.7116,
-298.0471,   0.1436,-387.6802,
-293.0880,   0.1450,-387.6545,
-288.1252,   0.1456,-387.6345,
-283.1585,   0.1468,-387.6209,
-278.1881,   0.1478,-387.6145,
-273.2139,   0.1477,-387.6156,
-268.2358,   0.1477,-387.6237,
-263.2540,   0.1483,-387.6374,
-258.2685,   0.1483,-387.6560,
-253.2792,   0.1485,-387.6784,
-248.2861,   0.1487,-387.7019,
-243.2893,   0.1507,-387.7251,
-238.2887,   0.1539,-387.7477,
-233.2843,   0.1581,-387.7689,
-228.2763,   0.1633,-387.7876,
-223.2647,   0.1703,-387.8039,
-218.2502,   0.1773,-387.8178,
-213.2328,   0.1787,-387.8297,
-208.2119,   0.1758,-387.8387,
-203.1873,   0.1709,-387.8449,
-198.1588,   0.1659,-387.8491,
-193.1265,   0.1612,-387.8517,
-188.0906,   0.1574,-387.8533,
-183.0509,   0.1549,-387.8533,
-178.0075,   0.1534,-387.8520,
-172.9602,   0.1540,-387.8494,
-167.9096,   0.1560,-387.8453,
-162.8557,   0.1568,-387.8400,
-157.7983,   0.1578,-387.8334,
-152.7377,   0.1594,-387.8260,
-147.6741,   0.1573,-387.8174,
-142.6071,   0.1512,-387.8074,
-137.5362,   0.1442,-387.7963,
-132.4615,   0.1400,-387.7843,
-127.3835,   0.1369,-387.7705,
-122.3021,   0.1326,-387.7556,
-117.2171,   0.1303,-387.7393,
-112.1284,   0.1323,-387.7220,
-107.0363,   0.1391,-387.7032,
-101.9417,   0.1434,-387.6832,
 -96.8444,   0.1430,-387.6617,
 -91.7438,   0.1406,-387.6390,
 -86.6393,   0.1408,-387.6154,
 -81.5311,   0.1477,-387.5906,
 -76.4199,   0.1571,-387.5644,
 -71.3059,   0.1654,-387.5373,
 -66.1892,   0.1706,-387.5091,
 -61.0696,   0.1704,-387.4796,
 -55.9469,   0.1659,-387.4492,
 -50.8208,   0.1601,-387.4175,
 -45.6913,   0.1551,-387.3846,
 -40.5586,   0.1496,-387.3520,
 -35.4226,   0.1437,-387.3193,
 -30.2831,   0.1381,-387.2860,
 -25.1402,   0.1343,-387.2530,
 -19.9936,   0.1347,-387.2208,
 -14.8439,   0.1395,-387.1887,
  -9.6912,   0.1469,-387.1565,
  -4.5357,   0.1558,-387.1250,
   0.6223,   0.1642,-387.0940,
   5.7831,   0.1705,-387.0635,
  10.9464,   0.1735,-387.0338,
  16.1120,   0.1691,-387.0045,
  21.2807,   0.1602,-386.9761,
  26.4529,   0.1510,-386.9491,
  31.6288,   0.1443,-386.9239,
  36.8084,   0.1427,-386.9001,
  41.9913,   0.1465,-386.8782,
  47.1771,   0.1543,-386.8585,
  52.3656,   0.1646,-386.8410,
  57.5567,   0.1748,-386.8263,
  62.7498,   0.1807,-386.8144,
  67.9456,   0.1812,-386.8051,
  73.1440,   0.1766,-386.7981,
  78.3450,   0.1675,-386.7939,
  83.5492,   0.1563,-386.7923,
  88.7571,   0.1489,-386.7941,
  93.9684,   0.1485,-386.7989,
  99.1824,   0.1496,-386.8063,
 104.3990,   0.1486,-386.8162,
 109.6184,   0.1461,-386.8291,
 114.8406,   0.1438,-386.8446,
 120.0656,   0.1419,-386.8629,
 125.2930,   0.1391,-386.8839,
 130.5232,   0.1354,-386.9074,
 135.7563,   0.1326,-386.9332,
 140.9926,   0.1323,-386.9611,
 146.2319,   0.1365,-386.9917,
 151.4741,   0.1450,-387.0252,
 156.7185,   0.1551,-387.0612,
 161.9651,   0.1637,-387.0995,
 167.2139,   0.1696,-387.1398,
 172.4649,   0.1713,-387.1831,
 177.7185,   0.1713,-387.2285,
 182.9750,   0.1711,-387.2758,
 188.2340,   0.1689,-387.3254,
 193.4954,   0.1638,-387.3773,
 198.7597,   0.1565,-387.4316,
 204.0271,   0.1504,-387.4870,
 209.2971,   0.1466,-387.5440,
 214.5698,   0.1431,-387.6023,
 219.8453,   0.1395,-387.6621,
 225.1237,   0.1382,-387.7225,
 230.4048,   0.1401,-387.7826,
 235.6886,   0.1452,-387.8418,
 240.9748,   0.1526,-387.8997,
 246.2630,   0.1597,-387.9559,
 251.5528,   0.1610,-388.0089,
 256.8449,   0.1574,-388.0558,
 262.1399,   0.1541,-388.0945,
 267.4374,   0.1505,-388.1240,
 272.7375,   0.1468,-388.1451,
 278.0403,   0.1450,-388.1576,
 283.3460,   0.1463,-388.1629,
 288.6541,   0.1507,-388.1612,
 293.9646,   0.1573,-388.1543,
 299.2770,   0.1630,-388.1443,
 304.5916,   0.1667,-388.1335,
 309.9084,   0.1693,-388.1232,
 315.2276,   0.1707,-388.1135,
 320.5489,   0.1707,-388.1041,
 325.8724,   0.1702,-388.0958,
 331.1980,   0.1681,-388.0885,
 336.5256,   0.1619,-388.0824,
 341.8554,   0.1486,-388.0764,
 347.1884,   0.1361,-388.0701,
 352.5247,   0.1315,-388.0631,
 357.8637,   0.1365,-388.0545,
 363.2042,   0.1407,-388.0447,
 368.5465,   0.1397,-388.0327,
 373.8909,   0.1350,-388.0192,
 379.2374,   0.1292,-388.0037,
 384.5864,   0.1248,-387.9861,
 389.9380,   0.1263,-387.9667,
 395.2923,   0.1351,-387.9476,
 400.6483,   0.1451,-387.9282,
 406.0060,   0.1505,-387.9094,
 411.3661,   0.1562,-387.8920,
 416.7280,   0.1613,-387.8759,
 422.0914,   0.1609,-387.8611,
 427.4570,   0.1577,-387.8480,
 432.8246,   0.1523,-387.8377,
 438.1946,   0.1456,-387.8296,
 443.5669,   0.1389,-387.8232,
 448.9419,   0.1359,-387.8198,
 454.3192,   0.1368,-387.8187,
 459.6987,   0.1410,-387.8196,
 465.0806,   0.1480,-387.8226,
 470.4645,   0.1610,-387.8283,
 475.8497,   0.1746,-387.8360,
 481.2364,   0.1855,-387.8456,
 486.6258,   0.2024,-387.8573,
 492.0171,   0.2287,-387.8706,
 497.4099,   0.2604,-387.8863,
 502.8042,   0.2967,-387.9016,
 508.2000,   0.3391,-387.9164,
 513.5904,   0.3846,-387.9289,
 518.9547,   0.4340,-387.9375,
 524.2744,   0.4943,-387.9386,
 529.5471,   0.5637,-387.9309,
 534.7723,   0.6312,-387.9135,
 539.9440,   0.6943,-387.8824,
 545.0595,   0.7555,-387.8337,
 550.1207,   0.8133,-387.7639,
 555.1264,   0.8677,-387.6709,
 560.0793,   0.9163,-387.5475,
 564.9789,   0.9587,-387.3875,
 569.8192,   1.0005,-387.1856,
 574.5960,   1.0438,-386.9348,
 579.3063,   1.0885,-386.6270,
 583.9522,   1.1300,-386.2620,
 588.5372,   1.1618,-385.8427,
 593.0640,   1.1767,-385.3678,
 597.5336,   1.1742,-384.8336,
 601.9482,   1.1545,-384.2398,
 606.3057,   1.1217,-383.5812,
 610.6008,   1.0786,-382.8521,
 614.8295,   1.0253,-382.0512,
 618.9902,   0.9612,-381.1824,
 623.0812,   0.8903,-380.2384,
 627.1231,   0.8141,-379.1989,
 631.1197,   0.7329,-378.0657,
 635.0661,   0.6462,-376.8382,
 638.9549,   0.5590,-375.5091,
 642.7882,   0.4675,-374.0830,
 646.5611,   0.3735,-372.5585,
 650.2712,   0.2785,-370.9342,
 653.9178,   0.1841,-369.2136,
 657.4980,   0.0936,-367.3952,
 661.0002,   0.0127,-365.4738,
 664.4232,  -0.0622,-363.4590,
 667.7585,  -0.1247,-361.3508,
 671.0152,  -0.1859,-359.1658,
 674.1921,  -0.2482,-356.9067,
 677.2875,  -0.3127,-354.5772,
 680.2965,  -0.3761,-352.1768,
 683.2178,  -0.4364,-349.7088,
 686.0510,  -0.4936,-347.1765,
 688.7955,  -0.5491,-344.5836,
 691.4512,  -0.6049,-341.9348,
 694.0178,  -0.6630,-339.2340,
 696.4882,  -0.7185,-336.4814,
 698.8623,  -0.7713,-333.6806,
 701.1360,  -0.8186,-330.8342,
 703.3087,  -0.8607,-327.9441,
 705.3812,  -0.8995,-325.0154,
 707.3568,  -0.9368,-322.0522,
 709.2369,  -0.9747,-319.0579,
 711.0192,  -1.0120,-316.0343,
 712.7045,  -1.0502,-312.9839,
 714.2902,  -1.0873,-309.9081,
 715.7770,  -1.1242,-306.8095,
 717.1642,  -1.1604,-303.6900,
 718.4526,  -1.1972,-300.5516,
 719.6439,  -1.2353,-297.3973,
 720.7373,  -1.2744,-294.2288,
 721.7330,  -1.3152,-291.0496,
 722.6307,  -1.3568,-287.8613,
 723.4291,  -1.3973,-284.6657,
 724.1315,  -1.4393,-281.4651,
 724.7401,  -1.4850,-278.2609,
 725.2545,  -1.5342,-275.0549,
 725.6754,  -1.5862,-271.8489,
 725.9999,  -1.6388,-268.6453,
 726.2255,  -1.6887,-265.4448,
 726.3530,  -1.7353,-262.2509,
 726.3828,  -1.7802,-259.0648,
 726.3185,  -1.8232,-255.8864,
 726.1619,  -1.8608,-252.7168,
 725.9142,  -1.8881,-249.5590,
 725.5989,  -1.9090,-246.4103,
 725.2484,  -1.9348,-243.2660,
 724.8764,  -1.9677,-240.1225,
 724.4838,  -1.9996,-236.9792,
 724.0676,  -2.0213,-233.8372,
 723.6222,  -2.0321,-230.6989,
 723.1448,  -2.0398,-227.5667,
 722.6329,  -2.0581,-224.4409,
 722.0690,  -2.0871,-221.3241,
 721.4134,  -2.1092,-218.2245,
 720.6555,  -2.0983,-215.1498,
 719.8219,  -2.0702,-212.0983,
 718.9189,  -2.0435,-209.0700,
 717.9424,  -2.0217,-206.0678,
 716.8891,  -2.0040,-203.0949,
 715.7548,  -1.9864,-200.1547,
 714.5402,  -1.9670,-197.2503,
 713.2452,  -1.9487,-194.3833,
 711.8672,  -1.9308,-191.5575,
 710.4103,  -1.9150,-188.7723,
 708.8745,  -1.9009,-186.0295,
 707.2593,  -1.8862,-183.3310,
 705.5616,  -1.8722,-180.6805,
 703.7825,  -1.8605,-178.0795,
 701.9215,  -1.8487,-175.5308,
 699.9825,  -1.8386,-173.0343,
 697.9672,  -1.8296,-170.5906,
 695.8788,  -1.8221,-168.2003,
 693.7195,  -1.8176,-165.8631,
 691.4911,  -1.8131,-163.5805,
 689.1942,  -1.8078,-161.3538,
 686.8291,  -1.7975,-159.1859,
 684.4025,  -1.7860,-157.0748,
 681.9163,  -1.7748,-155.0200,
 679.3721,  -1.7629,-153.0236,
 676.7717,  -1.7521,-151.0865,
 674.1147,  -1.7383,-149.2133,
 671.4050,  -1.7255,-147.4051,
 668.6436,  -1.7175,-145.6659,
 665.8318,  -1.7119,-143.9995,
 662.9733,  -1.7093,-142.4068,
 660.0702,  -1.7102,-140.8893,
 657.1232,  -1.7120,-139.4504,
 654.1338,  -1.7124,-138.0929,
 651.1059,  -1.7161,-136.8128,
 648.0401,  -1.7240,-135.6109,
 644.9371,  -1.7320,-134.4902,
 641.8013,  -1.7428,-133.4447,
 638.6336,  -1.7576,-132.4747,
 635.4338,  -1.7690,-131.5848,
 632.2059,  -1.7765,-130.7690,
 628.9540,  -1.7878,-130.0179,
 625.6779,  -1.8004,-129.3320,
 622.3801,  -1.8117,-128.7046,
 619.0642,  -1.8274,-128.1246,
 615.7311,  -1.8498,-127.5856,
 612.3816,  -1.8773,-127.0811,
 609.0169,  -1.9100,-126.6039,
 605.6373,  -1.9479,-126.1504,
 602.2429,  -1.9879,-125.7186,
 598.8336,  -2.0275,-125.3080,
 595.4114,  -2.0703,-124.9161,
 591.9780,  -2.1274,-124.5394,
 588.5304,  -2.1911,-124.1809,
 585.0684,  -2.2565,-123.8407,
 581.5925,  -2.3224,-123.5174,
 578.1036,  -2.3900,-123.2092,
 574.6017,  -2.4599,-122.9149,
 571.0862,  -2.5255,-122.6341,
 567.5569,  -2.5828,-122.3650,
 564.0154,  -2.6319,-122.1030,
 560.4635,  -2.6782,-121.8409,
 556.9018,  -2.7250,-121.5709,
 553.3308,  -2.7713,-121.2846,
 549.7512,  -2.8165,-120.9761,
 546.1645,  -2.8634,-120.6401,
 542.5711,  -2.9116,-120.2704,
 538.9727,  -2.9637,-119.8640,
 535.3696,  -3.0195,-119.4158,
 531.7630,  -3.0837,-118.9277,
 528.1531,  -3.1528,-118.3933,
 524.5403,  -3.2231,-117.8106,
 520.9260,  -3.2935,-117.1785,
 517.3109,  -3.3677,-116.4984,
 513.6952,  -3.4447,-115.7700,
 510.0798,  -3.5247,-114.9936,
 506.4649,  -3.6078,-114.1699,
 502.8508,  -3.6928,-113.2984,
 499.2382,  -3.7781,-112.3789,
 495.6278,  -3.8640,-111.4120,
 492.0202,  -3.9507,-110.3981,
 488.4158,  -4.0383,-109.3375,
 484.8157,  -4.1240,-108.2284,
 481.2202,  -4.2085,-107.0723,
 477.6294,  -4.2940,-105.8716,
 474.0436,  -4.3798,-104.6259,
 470.4623,  -4.4647,-103.3374,
 466.8850,  -4.5513,-102.0101,
 463.3113,  -4.6388,-100.6444,
 459.7412,  -4.7243, -99.2404,
 456.1746,  -4.8075, -97.8000,
 452.6111,  -4.8899, -96.3264,
 449.0505,  -4.9716, -94.8201,
 445.4936,  -5.0529, -93.2813,
 441.9409,  -5.1367, -91.7105,
 438.3929,  -5.2248, -90.1065,
 434.8511,  -5.3147, -88.4657,
 431.3172,  -5.4040, -86.7847,
 427.7937,  -5.4877, -85.0584,
 424.2825,  -5.5614, -83.2845,
 420.7840,  -5.6272, -81.4660,
 417.2989,  -5.6939, -79.6061,
 413.8285,  -5.7631, -77.7017,
 410.3750,  -5.8321, -75.7494,
 406.9397,  -5.9006, -73.7493,
 403.5239,  -5.9708, -71.7010,
 400.1299,  -6.0422, -69.6021,
 396.7592,  -6.1131, -67.4510,
 393.4132,  -6.1834, -65.2476,
 390.0942,  -6.2516, -62.9902,
 386.8027,  -6.3196, -60.6802,
 383.5406,  -6.3877, -58.3165,
 380.3088,  -6.4550, -55.8993,
 377.1068,  -6.5241, -53.4313,
 373.9346,  -6.5984, -50.9145,
 370.7936,  -6.6774, -48.3482,
 367.6857,  -6.7577, -45.7304,
 364.6108,  -6.8383, -43.0626,
 361.5688,  -6.9198, -40.3469,
 358.5623,  -6.9988, -37.5802,
 355.5932,  -7.0712, -34.7617,
 352.6590,  -7.1400, -31.8969,
 349.7616,  -7.2060, -28.9850,
 346.9027,  -7.2674, -26.0249,
 344.0801,  -7.3263, -23.0209,
 341.2927,  -7.3854, -19.9753,
 338.5415,  -7.4431, -16.8873,
 335.8257,  -7.4994, -13.7587,
 333.1454,  -7.5542, -10.5904,
 330.4997,  -7.6065,  -7.3838,
 327.8870,  -7.6562,  -4.1406,
 325.3076,  -7.7003,  -0.8607,
 322.7589,  -7.7366,   2.4527,
 320.2372,  -7.7700,   5.7951,
 317.7403,  -7.8007,   9.1654,
 315.2663,  -7.8274,  12.5618,
 312.8124,  -7.8513,  15.9820,
 310.3768,  -7.8720,  19.4241,
 307.9573,  -7.8919,  22.8860,
 305.5525,  -7.9142,  26.3663,
 303.1607,  -7.9391,  29.8641,
 300.7823,  -7.9658,  33.3798,
 298.4196,  -7.9934,  36.9150,
 296.0740,  -8.0206,  40.4705,
 293.7472,  -8.0484,  44.0471,
 291.4411,  -8.0772,  47.6454,
 289.1553,  -8.1083,  51.2651,
 286.8892,  -8.1394,  54.9061,
 284.6414,  -8.1656,  58.5679,
 282.4081,  -8.1841,  62.2479,
 280.1845,  -8.1973,  65.9423,
 277.9670,  -8.2088,  69.6484,
 275.7511,  -8.2166,  73.3644,
 273.5359,  -8.2198,  77.0890,
 271.3193,  -8.2239,  80.8202,
 269.0999,  -8.2310,  84.5574,
 266.8778,  -8.2412,  88.3007,
 264.6530,  -8.2556,  92.0501,
 262.4255,  -8.2721,  95.8065,
 260.1962,  -8.2833,  99.5711,
 257.9656,  -8.2848, 103.3439,
 255.7343,  -8.2811, 107.1239,
 253.5034,  -8.2792, 110.9108,
 251.2741,  -8.2799, 114.7060,
 249.0490,  -8.2830, 118.5108,
 246.8317,  -8.2866, 122.3279,
 244.6267,  -8.2867, 126.1599,
 242.4380,  -8.2818, 130.0087,
 240.2679,  -8.2755, 133.8742,
 238.1196,  -8.2710, 137.7580,
 235.9949,  -8.2669, 141.6613,
 233.8945,  -8.2620, 145.5845,
 231.8171,  -8.2572, 149.5261,
 229.7625,  -8.2539, 153.4860,
 227.7289,  -8.2523, 157.4631,
 225.7127,  -8.2532, 161.4557,
 223.7096,  -8.2565, 165.4617,
 221.7137,  -8.2631, 169.4781,
 219.7197,  -8.2706, 173.5030,
 217.7219,  -8.2726, 177.5341,
 215.7161,  -8.2699, 181.5683,
 213.7007,  -8.2661, 185.6040,
 211.6765,  -8.2620, 189.6332,
 209.6588,  -8.2599, 193.6268,
 207.6566,  -8.2614, 197.5701,
 205.6738,  -8.2647, 201.4559,
 203.7139,  -8.2654, 205.2775,
 201.7789,  -8.2572, 209.0307,
 199.8638,  -8.2374, 212.7141,
 197.9643,  -8.2101, 216.3261,
 196.0768,  -8.1774, 219.8656,
 194.1966,  -8.1392, 223.3310,
 192.3214,  -8.1010, 226.7237,
 190.4505,  -8.0670, 230.0452,
 188.5824,  -8.0351, 233.2923,
 186.7176,  -8.0043, 236.4637,
 184.8563,  -7.9763, 239.5603,
 182.9991,  -7.9556, 242.5854,
 181.1462,  -7.9421, 245.5391,
 179.2962,  -7.9311, 248.4208,
 177.4501,  -7.9194, 251.2267,
 175.6110,  -7.9093, 253.9590,
 173.7788,  -7.9017, 256.6206,
 171.9511,  -7.8951, 259.2095,
 170.1264,  -7.8890, 261.7222,
 168.3035,  -7.8849, 264.1586,
 166.4805,  -7.8822, 266.5172,
 164.6582,  -7.8817, 268.7985,
 162.8381,  -7.8854, 271.0039,
 161.0215,  -7.8934, 273.1332,
 159.2087,  -7.9046, 275.1862,
 157.3973,  -7.9157, 277.1600,
 155.5743,  -7.9282, 279.0633,
 153.7197,  -7.9434, 280.9091,
 151.8280,  -7.9587, 282.6930,
 149.9005,  -7.9742, 284.4128,
 147.9359,  -7.9907, 286.0674,
 145.9338,  -8.0093, 287.6559,
 143.8943,  -8.0302, 289.1758,
 141.8184,  -8.0528, 290.6259,
 139.7065,  -8.0742, 292.0045,
 137.5597,  -8.0934, 293.3096,
 135.3804,  -8.1113, 294.5409,
 133.1689,  -8.1285, 295.6986,
 130.9258,  -8.1445, 296.7828,
 128.6535,  -8.1602, 297.7946,
 126.3536,  -8.1776, 298.7368,
 124.0272,  -8.1968, 299.6101,
 121.6751,  -8.2155, 300.4150,
 119.2979,  -8.2320, 301.1543,
 116.8963,  -8.2455, 301.8318,
 114.4712,  -8.2571, 302.4508,
 112.0237,  -8.2687, 303.0154,
 109.5553,  -8.2804, 303.5275,
 107.0681,  -8.2905, 303.9873,
 104.5636,  -8.2993, 304.3954,
 102.0421,  -8.3078, 304.7515,
  99.5039,  -8.3164, 305.0525,
  96.9501,  -8.3248, 305.2937,
  94.3859,  -8.3327, 305.4728,
  91.8171,  -8.3392, 305.5874,
  89.2494,  -8.3427, 305.6342,
  86.6871,  -8.3439, 305.6119,
  84.1331,  -8.3453, 305.5215,
  81.5901,  -8.3470, 305.3609,
  79.0613,  -8.3473, 305.1275,
  76.5497,  -8.3455, 304.8211,
  74.0579,  -8.3418, 304.4414,
  71.5879,  -8.3372, 303.9885,
  69.1416,  -8.3319, 303.4615,
  66.7208,  -8.3258, 302.8599,
  64.3276,  -8.3180, 302.1838,
  61.9637,  -8.3091, 301.4352,
  59.6304,  -8.3001, 300.6147,
  57.3288,  -8.2924, 299.7231,
  55.0589,  -8.2866, 298.7616,
  52.8216,  -8.2824, 297.7304,
  50.6176,  -8.2788, 296.6301,
  48.4480,  -8.2753, 295.4602,
  46.3144,  -8.2713, 294.2206,
  44.2166,  -8.2678, 292.9144,
  42.1554,  -8.2652, 291.5425,
  40.1329,  -8.2623, 290.1044,
  38.1507,  -8.2580, 288.6006,
  36.2097,  -8.2524, 287.0328,
  34.3102,  -8.2464, 285.4032,
  32.4525,  -8.2418, 283.7140,
  30.6380,  -8.2383, 281.9658,
  28.8700,  -8.2341, 280.1575,
  27.1493,  -8.2280, 278.2911,
  25.4757,  -8.2212, 276.3695,
  23.8504,  -8.2150, 274.3942,
  22.2759,  -8.2077, 272.3646,
  20.7532,  -8.1986, 270.2820,
  19.2821,  -8.1887, 268.1491,
  17.8653,  -8.1776, 265.9663,
  16.5053,  -8.1638, 263.7343,
  15.2044,  -8.1453, 261.4543,
  13.9639,  -8.1226, 259.1295,
  12.7852,  -8.0963, 256.7626,
  11.6697,  -8.0671, 254.3563,
  10.6201,  -8.0341, 251.9131,
   9.6371,  -7.9963, 249.4365,
   8.7180,  -7.9572, 246.9299,
   7.8617,  -7.9169, 244.3955,
   7.0669,  -7.8741, 241.8350,
   6.1873,  -7.8192, 238.7312,
   5.5069,  -7.7694, 236.1209,
   4.8629,  -7.7143, 233.4913,
   4.2470,  -7.6558, 230.8447,
   3.6580,  -7.5963, 228.1808,
   3.0979,  -7.5361, 225.4986,
   2.5701,  -7.4771, 222.7977,
   2.0769,  -7.4207, 220.0779,
   1.6195,  -7.3661, 217.3387,
   1.1970,  -7.3137, 214.5804,
   0.8075,  -7.2614, 211.8028,
   0.4427,  -7.2075, 209.0069,
   0.0929,  -7.1532, 206.1944,
  -0.2506,  -7.1000, 203.3667,
  -0.5954,  -7.0466, 200.5243,
  -0.9479,  -6.9911, 197.6676,
  -1.3112,  -6.9334, 194.7975,
  -1.6885,  -6.8728, 191.9146,
  -2.0837,  -6.8086, 189.0255,
  -2.5007,  -6.7419, 186.1510,
  -2.9448,  -6.6717, 183.3049,
  -3.4181,  -6.5998, 180.5004,
  -3.9294,  -6.5282, 177.7312,
  -4.4805,  -6.4570, 175.0116,
  -5.0683,  -6.3848, 172.3520,
  -5.6960,  -6.3091, 169.7553,
  -6.3668,  -6.2348, 167.2091,
  -7.0866,  -6.1623, 164.7079,
  -7.8565,  -6.0919, 162.2527,
  -8.6802,  -6.0225, 159.8424,
  -9.5550,  -5.9517, 157.4827,
 -10.4763,  -5.8802, 155.1777,
 -11.4497,  -5.8125, 152.9164,
 -12.4814,  -5.7461, 150.6982,
 -13.5685,  -5.6808, 148.5252,
 -14.7110,  -5.6161, 146.4008,
 -15.9126,  -5.5490, 144.3299,
 -17.1745,  -5.4763, 142.3164,
 -18.4930,  -5.4016, 140.3572,
 -19.8673,  -5.3264, 138.4514,
 -21.2969,  -5.2499, 136.6023,
 -22.7815,  -5.1726, 134.8116,
 -24.3171,  -5.0954, 133.0792,
 -25.9010,  -5.0192, 131.4060,
 -27.5322,  -4.9441, 129.7934,
 -29.2097,  -4.8698, 128.2424,
 -30.9312,  -4.7975, 126.7529,
 -32.6950,  -4.7300, 125.3234,
 -34.5006,  -4.6671, 123.9555,
 -36.3449,  -4.6094, 122.6465,
 -38.2262,  -4.5577, 121.3948,
 -40.1448,  -4.5106, 120.2003,
 -42.1004,  -4.4657, 119.0621,
 -44.0908,  -4.4234, 117.9759,
 -46.1151,  -4.3856, 116.9396,
 -48.1735,  -4.3527, 115.9520,
 -50.2657,  -4.3233, 115.0116,
 -52.3908,  -4.2977, 114.1169,
 -54.5495,  -4.2755, 113.2698,
 -56.7423,  -4.2550, 112.4732,
 -58.9682,  -4.2357, 111.7280,
 -61.2262,  -4.2179, 111.0352,
 -63.5156,  -4.2006, 110.3973,
 -65.8352,  -4.1835, 109.8149,
 -68.1832,  -4.1677, 109.2895,
 -70.5590,  -4.1535, 108.8244,
 -72.9609,  -4.1405, 108.4209,
 -75.3872,  -4.1283, 108.0792,
 -77.8366,  -4.1159, 107.8011,
 -80.3071,  -4.1028, 107.5886,
 -82.7966,  -4.0897, 107.4415,
 -85.3029,  -4.0774, 107.3601,
 -87.8233,  -4.0665, 107.3452,
 -90.3549,  -4.0568, 107.3991,
 -92.8948,  -4.0475, 107.5233,
 -95.4401,  -4.0367, 107.7192,
 -97.9890,  -4.0231, 107.9879,
-100.5393,  -4.0069, 108.3278,
-103.0894,  -3.9881, 108.7402,
-105.6374,  -3.9679, 109.2262,
-108.1813,  -3.9471, 109.7863,
-110.7194,  -3.9265, 110.4187,
-113.2502,  -3.9064, 111.1234,
-115.7711,  -3.8859, 111.9020,
-118.2793,  -3.8635, 112.7560,
-120.7733,  -3.8405, 113.6820,
-123.2512,  -3.8168, 114.6797,
-125.7097,  -3.7916, 115.7508,
-128.1463,  -3.7661, 116.8943,
-130.5580,  -3.7436, 118.1065,
-132.9393,  -3.7231, 119.3893,
-135.2835,  -3.7000, 120.7449,
-137.5871,  -3.6721, 122.1693,
-139.8492,  -3.6426, 123.6577,
-142.0703,  -3.6164, 125.2073,
-144.2500,  -3.5942, 126.8171,
-146.3878,  -3.5735, 128.4861,
-148.4871,  -3.5547, 130.2089,
-150.5497,  -3.5376, 131.9833,
-152.5774,  -3.5226, 133.8074,
-154.5766,  -3.5106, 135.6750,
-156.5535,  -3.4999, 137.5811,
-158.5107,  -3.4883, 139.5243,
-160.4491,  -3.4730, 141.5044,
-162.3708,  -3.4546, 143.5184,
-164.2796,  -3.4394, 145.5614,
-166.1796,  -3.4298, 147.6306,
-168.0744,  -3.4229, 149.7243,
-169.9681,  -3.4149, 151.8400,
-171.8647,  -3.4070, 153.9726,
-173.7677,  -3.4018, 156.1187,
-175.6786,  -3.3992, 158.2771,
-177.5985,  -3.3979, 160.4477,
-179.5266,  -3.3954, 162.6316,
-181.4616,  -3.3881, 164.8304,
-183.4024,  -3.3756, 167.0439,
-185.3476,  -3.3627, 169.2717,
-187.2970,  -3.3528, 171.5139,
-189.2510,  -3.3434, 173.7716,
-191.2094,  -3.3312, 176.0453,
-193.1719,  -3.3149, 178.3352,
-195.1386,  -3.2938, 180.6405,
-197.1094,  -3.2690, 182.9603,
-199.0839,  -3.2448, 185.2939,
-201.0621,  -3.2226, 187.6416,
-203.0450,  -3.1988, 190.0037,
-205.0324,  -3.1728, 192.3797,
-207.0236,  -3.1457, 194.7697,
-209.0188,  -3.1169, 197.1736,
-211.0180,  -3.0867, 199.5911,
-213.0217,  -3.0554, 202.0216,
-215.0293,  -3.0229, 204.4656,
-217.0406,  -2.9890, 206.9229,
-219.0564,  -2.9540, 209.3930,
-221.0761,  -2.9204, 211.8756,
-223.0995,  -2.8879, 214.3710,
-225.1270,  -2.8554, 216.8792,
-227.1573,  -2.8222, 219.3993,
-229.1880,  -2.7899, 221.9281,
-231.2164,  -2.7607, 224.4612,
-233.2404,  -2.7337, 226.9967,
-235.2601,  -2.7071, 229.5349,
-237.2786,  -2.6817, 232.0788,
-239.2970,  -2.6589, 234.6277,
-241.3150,  -2.6384, 237.1821,
-243.3331,  -2.6193, 239.7424,
-245.3528,  -2.6010, 242.3089,
-247.3750,  -2.5841, 244.8817,
-249.4002,  -2.5710, 247.4615,
-251.4298,  -2.5600, 250.0493,
-253.4642,  -2.5508, 252.6449,
-255.5039,  -2.5441, 255.2486,
-257.5490,  -2.5377, 257.8611,
-259.5996,  -2.5314, 260.4824,
-261.6560,  -2.5237, 263.1128,
-263.7180,  -2.5126, 265.7526,
-265.7849,  -2.5011, 268.4012,
-267.8568,  -2.4938, 271.0581,
-269.9346,  -2.4913, 273.7232,
-272.0179,  -2.4928, 276.3974,
-274.1073,  -2.4964, 279.0809,
-276.2025,  -2.5023, 281.7735,
-278.3032,  -2.5105, 284.4756,
-280.4096,  -2.5223, 287.1870,
-282.5222,  -2.5353, 289.9080,
-284.6411,  -2.5471, 292.6384,
-286.7661,  -2.5572, 295.3782,
-288.8965,  -2.5669, 298.1271,
-291.0325,  -2.5777, 300.8850,
-293.1742,  -2.5909, 303.6517,
-295.3222,  -2.6077, 306.4266,
-297.4763,  -2.6285, 309.2101,
-299.6364,  -2.6533, 312.0021,
-301.8035,  -2.6813, 314.8025,
-303.9778,  -2.7089, 317.6116,
-306.1601,  -2.7369, 320.4283,
-308.3510,  -2.7654, 323.2517,
-310.5504,  -2.7954, 326.0817,
-312.7585,  -2.8298, 328.9178,
-314.9755,  -2.8687, 331.7602,
-317.2022,  -2.9102, 334.6088,
-319.4391,  -2.9535, 337.4633,
-321.6859,  -2.9971, 340.3239,
-323.9424,  -3.0397, 343.1911,
-326.2084,  -3.0806, 346.0646,
-328.4841,  -3.1198, 348.9440,
-330.7682,  -3.1605, 351.8295,
-333.0607,  -3.2040, 354.7212,
-335.3613,  -3.2505, 357.6192,
-337.6703,  -3.2984, 360.5239,
-339.9876,  -3.3435, 363.4361,
-342.3124,  -3.3844, 366.3560,
-344.6428,  -3.4252, 369.2840,
-346.9779,  -3.4673, 372.2209,
-349.3174,  -3.5083, 375.1679,
-351.6594,  -3.5459, 378.1263,
-354.0027,  -3.5826, 381.0959,
-356.3466,  -3.6206, 384.0771,
-358.6909,  -3.6599, 387.0704,
-361.0354,  -3.6936, 390.0772,
-363.3797,  -3.7198, 393.0966,
-365.7236,  -3.7407, 396.1281,
-368.0673,  -3.7572, 399.1712,
-370.4117,  -3.7717, 402.2251,
-372.7576,  -3.7878, 405.2884,
-375.1053,  -3.8043, 408.3621,
-377.4559,  -3.8173, 411.4456,
-379.8117,  -3.8228, 414.5374,
-382.1740,  -3.8196, 417.6357,
-384.5423,  -3.8124, 420.7397,
-386.9176,  -3.8062, 423.8483,
-389.3011,  -3.8017, 426.9609,
-391.6942,  -3.7963, 430.0775,
-394.0992,  -3.7870, 433.1962,
-396.5178,  -3.7738, 436.3154,
-398.9525,  -3.7565, 439.4330,
-401.4079,  -3.7349, 442.5447,
-403.8878,  -3.7095, 445.6476,
-406.3916,  -3.6817, 448.7395,
-408.9174,  -3.6589, 451.8214,
-411.4654,  -3.6449, 454.8942,
-414.0362,  -3.6383, 457.9578,
-416.6307,  -3.6355, 461.0122,
-419.2384,  -3.6337, 464.0474,
-421.8385,  -3.6343, 467.0427,
-424.4233,  -3.6386, 469.9917,
-426.9945,  -3.6469, 472.8938,
-429.5520,  -3.6602, 475.7499,
-432.0948,  -3.6778, 478.5568,
-434.6221,  -3.6994, 481.3107,
-437.1322,  -3.7276, 484.0099,
-439.6234,  -3.7634, 486.6541,
-442.0959,  -3.8057, 489.2437,
-444.5471,  -3.8538, 491.7754,
-446.9746,  -3.9067, 494.2434,
-449.3780,  -3.9640, 496.6469,
-451.7588,  -4.0294, 498.9864,
-454.1185,  -4.1047, 501.2593,
-456.4601,  -4.1903, 503.4626,
-458.7861,  -4.2846, 505.5941,
-461.1010,  -4.3851, 507.6483,
-463.4105,  -4.4891, 509.6188,
-465.7267,  -4.5955, 511.5057,
-468.0742,  -4.7078, 513.3211,
-470.4646,  -4.8198, 515.0615,
-472.8993,  -4.9272, 516.7145,
-475.3806,  -5.0269, 518.2750,
-477.9084,  -5.1182, 519.7407,
-480.4804,  -5.2013, 521.1144,
-483.0939,  -5.2746, 522.3967,
-485.7434,  -5.3421, 523.5916,
-488.4265,  -5.4044, 524.6985,
-491.1425,  -5.4597, 525.7160,
-493.8890,  -5.5058, 526.6430,
-496.6613,  -5.5439, 527.4836,
-499.4551,  -5.5778, 528.2409,
-502.2673,  -5.6083, 528.9138,
-505.0946,  -5.6349, 529.5005,
-507.9340,  -5.6561, 529.9974,
-510.7816,  -5.6713, 530.4014,
-513.6331,  -5.6814, 530.7119,
-516.4847,  -5.6864, 530.9271,
-519.3322,  -5.6849, 531.0434,
-522.1707,  -5.6770, 531.0596,
-524.9962,  -5.6655, 530.9783,
-527.8065,  -5.6530, 530.8016,
-530.6001,  -5.6391, 530.5278,
-533.3749,  -5.6226, 530.1553,
-536.1292,  -5.6038, 529.6855,
-538.8606,  -5.5841, 529.1202,
-541.5665,  -5.5643, 528.4608,
-544.2436,  -5.5427, 527.7057,
-546.8878,  -5.5184, 526.8553,
-549.4951,  -5.4924, 525.9122,
-552.0599,  -5.4632, 524.8763,
-554.5773,  -5.4308, 523.7499,
-557.0434,  -5.3971, 522.5368,
-559.4553,  -5.3633, 521.2401,
-561.8098,  -5.3288, 519.8605,
-564.1038,  -5.2930, 518.3990,
-566.3350,  -5.2560, 516.8568,
-568.5010,  -5.2182, 515.2367,
-570.6027,  -5.1824, 513.5437,
-572.6371,  -5.1483, 511.7785,
-574.6004,  -5.1139, 509.9414,
-576.4902,  -5.0781, 508.0346,
-578.3036,  -5.0400, 506.0602,
-580.0427,  -5.0018, 504.0234,
-581.7103,  -4.9658, 501.9294,
-583.3074,  -4.9321, 499.7803,
-584.8315,  -4.8985, 497.5762,
-586.2835,  -4.8630, 495.3196,
-587.6735,  -4.8233, 493.0180,
-589.0245,  -4.7767, 490.6854,
-590.3627,  -4.7193, 488.3372,
-591.7014,  -4.6507, 485.9818,
-593.0461,  -4.5749, 483.6216,
-594.3978,  -4.4954, 481.2566,
-595.7506,  -4.4136, 478.8821,
-597.0977,  -4.3300, 476.4937,
-598.4354,  -4.2465, 474.0894,
-599.7598,  -4.1640, 471.6664,
-601.0690,  -4.0842, 469.2237,
-602.3636,  -4.0094, 466.7614,
-603.6461,  -3.9401, 464.2806,
-604.9188,  -3.8770, 461.7823,
-606.1840,  -3.8200, 459.2674,
-607.4420,  -3.7686, 456.7357,
-608.6934,  -3.7216, 454.1872,
-609.9390,  -3.6779, 451.6220,
-611.1781,  -3.6372, 449.0403,
-612.4115,  -3.5997, 446.4424,
-613.6392,  -3.5645, 443.8280,
-614.8607,  -3.5300, 441.1968,
-616.0765,  -3.4963, 438.5495,
-617.2878,  -3.4640, 435.8870,
-618.4958,  -3.4339, 433.2099,
-619.7016,  -3.4069, 430.5188,
-620.9066,  -3.3820, 427.8137,
-622.1113,  -3.3579, 425.0948,
-623.3143,  -3.3337, 422.3614,
-624.5146,  -3.3095, 419.6136,
-625.7119,  -3.2874, 416.8518,
-626.9050,  -3.2692, 414.0752,
-628.0929,  -3.2546, 411.2831,
-629.2751,  -3.2428, 408.4751,
-630.4517,  -3.2339, 405.6513,
-631.6232,  -3.2285, 402.8124,
-632.7915,  -3.2269, 399.9588,
-633.9570,  -3.2273, 397.0905,
-635.1214,  -3.2278, 394.2082,
-636.2869,  -3.2280, 391.3129,
-637.4535,  -3.2279, 388.4051,
-638.6221,  -3.2260, 385.4847,
-639.7932,  -3.2216, 382.5521,
-640.9670,  -3.2147, 379.6078,
-642.1435,  -3.2050, 376.6517,
-643.3228,  -3.1931, 373.6841,
-644.5048,  -3.1811, 370.7055,
-645.6898,  -3.1709, 367.7158,
-646.8781,  -3.1615, 364.7148,
-648.0701,  -3.1522, 361.7027,
-649.2654,  -3.1438, 358.6794,
-650.4651,  -3.1378, 355.6458,
-651.6703,  -3.1345, 352.6020,
-652.8824,  -3.1307, 349.5478,
-654.1017,  -3.1258, 346.4839,
-655.3288,  -3.1208, 343.4108,
-656.5643,  -3.1157, 340.3288,
-657.8080,  -3.1092, 337.2376,
-659.0609,  -3.0992, 334.1375,
-660.3234,  -3.0851, 331.0289,
-661.5948,  -3.0666, 327.9117,
-662.8747,  -3.0447, 324.7864,
-664.1636,  -3.0208, 321.6534,
-665.4612,  -2.9951, 318.5125,
-666.7677,  -2.9681, 315.3637,
-668.0836,  -2.9402, 312.2073,
-669.4079,  -2.9124, 309.0429,
-670.7402,  -2.8847, 305.8705,
-672.0811,  -2.8570, 302.6901,
-673.4310,  -2.8280, 299.5017,
-674.7901,  -2.7967, 296.3055,
-676.1576,  -2.7654, 293.1017,
-677.5330,  -2.7367, 289.8903,
-678.9170,  -2.7105, 286.6713,
-680.3098,  -2.6872, 283.4449,
-681.7114,  -2.6676, 280.2108,
-683.1218,  -2.6493, 276.9687,
-684.5419,  -2.6293, 273.7186,
-685.9713,  -2.6066, 270.4608,
-687.4101,  -2.5810, 267.1955,
-688.8579,  -2.5523, 263.9228,
-690.3141,  -2.5192, 260.6425,
-691.7779,  -2.4841, 257.3549,
-693.2478,  -2.4513, 254.0598,
-694.7236,  -2.4203, 250.7564,
-696.2050,  -2.3866, 247.4438,
-697.6906,  -2.3497, 244.1220,
-699.1798,  -2.3131, 240.7916,
-700.6721,  -2.2790, 237.4521,
-702.1685,  -2.2458, 234.1036,
-703.6696,  -2.2111, 230.7461,
-705.1758,  -2.1729, 227.3799,
-706.6878,  -2.1336, 224.0061,
-708.2073,  -2.0969, 220.6259,
-709.7361,  -2.0642, 217.2399,
-711.2750,  -2.0345, 213.8480,
-712.8252,  -2.0054, 210.4501,
-714.3887,  -1.9698, 207.0466,
-715.9655,  -1.9246, 203.6382,
-717.5542,  -1.8713, 200.2252,
-719.1535,  -1.8149, 196.8076,
-720.7637,  -1.7528, 193.3851,
-722.3838,  -1.6885, 189.9582,
-724.0120,  -1.6262, 186.5264,
-725.6507,  -1.5639, 183.0896,
-727.2991,  -1.4957, 179.6475,
-728.9573,  -1.4217, 176.2003,
-730.6237,  -1.3412, 172.7477,
-732.2978,  -1.2565, 169.2897,
-733.9783,  -1.1703, 165.8266,
-735.6640,  -1.0916, 162.3580,
-737.3541,  -1.0138, 158.8816,
-739.0472,  -0.9299, 155.3964,
-740.7435,  -0.8435, 151.9038,
-742.4377,  -0.7569, 148.4014,
-744.1262,  -0.6664, 144.8866,
-745.8118,  -0.5728, 141.3620,
-747.4954,  -0.4802, 137.8279,
-749.1733,  -0.3853, 134.2823,
-750.8461,  -0.2888, 130.7254,
-752.5120,  -0.1889, 127.1569,
-754.1721,  -0.0875, 123.5771,
-755.8271,   0.0165, 119.9868,
-757.4775,   0.1210, 116.3862,
-759.1240,   0.2234, 112.7762,
-760.7649,   0.3199, 109.1558,
-762.4009,   0.4116, 105.5248,
-764.0320,   0.5020, 101.8828,
-765.6585,   0.5916,  98.2299,
-767.2808,   0.6797,  94.5668,
-768.8977,   0.7654,  90.8931,
-770.5095,   0.8468,  87.2087,
-772.1171,   0.9243,  83.5141,
-773.7189,   1.0021,  79.8079,
-775.3146,   1.0814,  76.0900,
-776.9042,   1.1639,  72.3610,
-778.4867,   1.2489,  68.6207,
-780.0618,   1.3332,  64.8694,
-781.6292,   1.4134,  61.1074,
-783.1874,   1.4904,  57.3336,
-784.7349,   1.5618,  53.5472,
-786.2668,   1.6320,  49.7455,
-787.7834,   1.6957,  45.9300,
-789.2811,   1.7515,  42.0989,
-790.7559,   1.8002,  38.2502,
-792.2064,   1.8406,  34.3839,
-793.6339,   1.8667,  30.5015,
-795.0370,   1.8734,  26.6028,
-796.4132,   1.8628,  22.6857,
-797.7645,   1.8383,  18.7509,
-799.0908,   1.7992,  14.7989,
-800.3895,   1.7442,  10.8293,
-801.6565,   1.6757,   6.8414,
-802.8892,   1.5986,   2.8359,
-804.0828,   1.5104,  -1.1858,
-805.2309,   1.4086,  -5.2238,
-806.3256,   1.2983,  -9.2782,
-807.3694,   1.1835, -13.3458,
-808.3636,   1.0641, -17.4255,
-809.3041,   0.9457, -21.5171,
-810.1865,   0.8259, -25.6197,
-811.0011,   0.7053, -29.7358,
-811.7424,   0.5928, -33.8648,
-812.4169,   0.4867, -38.0043,
-813.0272,   0.3811, -42.1538,
-813.5695,   0.2757, -46.3123,
-814.0378,   0.1679, -50.4776,
-814.4297,   0.0550, -54.6497,
-814.7433,  -0.0553, -58.8288,
-814.9904,  -0.1610, -63.0141,
-815.1838,  -0.2597, -67.2067,
-815.3335,  -0.3445, -71.4064,
-815.4528,  -0.4138, -75.6129,
-815.5507,  -0.4683, -79.8260,
-815.6273,  -0.5102, -84.0458,
-815.6796,  -0.5432, -88.2722,
-815.6960,  -0.5655, -92.5056,
-815.6659,  -0.5783, -96.7453,
-815.5807,  -0.5848,-100.9902,
-815.4355,  -0.5898,-105.2389,
-815.2230,  -0.5932,-109.4907,
-814.9402,  -0.5952,-113.7440,
-814.5847,  -0.5983,-117.9973,
-814.1511,  -0.6010,-122.2486,
-813.6342,  -0.6007,-126.4950,
-813.0297,  -0.5954,-130.7322,
-812.3423,  -0.5912,-134.9571,
-811.5703,  -0.5883,-139.1661,
-810.7122,  -0.5865,-143.3557,
-809.7646,  -0.5838,-147.5219,
-808.7302,  -0.5831,-151.6636,
-807.6074,  -0.5838,-155.7784,
-806.3981,  -0.5885,-159.8662,
-805.1000,  -0.5965,-163.9250,
-803.7142,  -0.6088,-167.9543,
-802.2407,  -0.6252,-171.9527,
-800.6780,  -0.6452,-175.9185,
-799.0226,  -0.6655,-179.8479,
-797.2798,  -0.6899,-183.7410,
-795.4518,  -0.7202,-187.5968,
-793.5394,  -0.7569,-191.4141,
-791.5410,  -0.7953,-195.1906,
-789.4583,  -0.8351,-198.9261,
-787.2889,  -0.8715,-202.6165,
-785.0393,  -0.9065,-206.2631,
-782.7145,  -0.9423,-209.8676,
-780.3215,  -0.9810,-213.4337,
-777.8629,  -1.0196,-216.9629,
-775.3451,  -1.0535,-220.4596,
-772.7758,  -1.0748,-223.9286,
-770.1689,  -1.0815,-227.3783,
-767.5348,  -1.0796,-230.8147,
-764.8747,  -1.0762,-234.2386,
-762.1791,  -1.0677,-237.6434,
-759.4389,  -1.0513,-241.0218,
-756.6460,  -1.0247,-244.3651,
-753.8049,  -0.9927,-247.6747,
-750.9149,  -0.9615,-250.9479,
-747.9738,  -0.9347,-254.1813,
-744.9799,  -0.9138,-257.3723,
-741.9307,  -0.8969,-260.5176,
-738.8263,  -0.8834,-263.6151,
-735.6664,  -0.8742,-266.6631,
-732.4552,  -0.8736,-269.6635,
-729.1922,  -0.8816,-272.6147,
-725.8787,  -0.8988,-275.5170,
-722.5153,  -0.9236,-278.3698,
-719.1011,  -0.9532,-281.1715,
-715.6376,  -0.9831,-283.9225,
-712.1312,  -1.0154,-286.6280,
-708.5867,  -1.0531,-289.2938,
-705.0038,  -1.0885,-291.9212,
-701.3849,  -1.1076,-294.5137,
-697.7410,  -1.1069,-297.0833,
-694.0807,  -1.0989,-299.6379,
-690.4065,  -1.0927,-302.1810,
-686.7161,  -1.0892,-304.7099,
-683.0060,  -1.0867,-307.2201,
-679.2742,  -1.0844,-309.7081,
-675.5179,  -1.0798,-312.1708,
-671.7349,  -1.0697,-314.6036,
-667.9258,  -1.0572,-317.0061,
-664.0926,  -1.0477,-319.3791,
-660.2344,  -1.0450,-321.7215,
-656.3500,  -1.0463,-324.0319,
-652.4381,  -1.0506,-326.3076,
-648.4940,  -1.0490,-328.5413,
-644.5197,  -1.0368,-330.7346,
-640.5157,  -1.0109,-332.8868,
-636.4882,  -0.9792,-335.0051,
-632.4382,  -0.9474,-337.0911,
-628.3663,  -0.9177,-339.1427,
-624.2724,  -0.8881,-341.1557,
-620.1591,  -0.8551,-343.1263,
-616.0278,  -0.8160,-345.0515,
-611.8792,  -0.7704,-346.9317,
-607.7132,  -0.7238,-348.7689,
-603.5276,  -0.6743,-350.5576,
-599.3234,  -0.6215,-352.2982,
-595.1009,  -0.5675,-353.9930,
-590.8588,  -0.5076,-355.6400,
-586.5992,  -0.4451,-357.2427,
-582.3232,  -0.3851,-358.8052,
-578.0298,  -0.3270,-360.3268,
-573.7191,  -0.2679,-361.8080,
-569.3910,  -0.2043,-363.2486,
-565.0471,  -0.1384,-364.6516,
-560.6877,  -0.0713,-366.0176,
-556.3125,  -0.0007,-367.3465,
-551.9225,   0.0737,-368.6391,
-547.5179,   0.1504,-369.8948,
-543.0981,   0.2304,-371.1113,
-538.6630,   0.3142,-372.2860,
-534.2127,   0.3996,-373.4161,
-529.7462,   0.4890,-374.4968,
-525.2645,   0.5812,-375.5280,
-520.7690,   0.6722,-376.5119,
-514.4532,   0.7999,-377.8138,
-509.9265,   0.8896,-378.6905,
-505.3875,   0.9802,-379.5250,
-500.8381,   1.0710,-380.3226,
-496.2783,   1.1631,-381.0816,
-491.7088,   1.2530,-381.8051,
-487.1298,   1.3430,-382.4926,
-482.5422,   1.4294,-383.1452,
-477.9464,   1.5054,-383.7599,
-473.3421,   1.5669,-384.3360,
-468.7289,   1.6145,-384.8708,
-464.1067,   1.6502,-385.3622,
-459.4762,   1.6720,-385.8119,
-454.8373,   1.6792,-386.2165,
-450.1903,   1.6723,-386.5732,
-445.5358,   1.6495,-386.8819,
-440.8737,   1.6110,-387.1432,
-436.2045,   1.5574,-387.3599,
-431.5286,   1.4904,-387.5370,
-426.8461,   1.4112,-387.6814,
-422.1565,   1.3234,-387.8016,
-417.4597,   1.2332,-387.9037,
-412.7559,   1.1446,-387.9949,
-408.0453,   1.0589,-388.0800,
-403.3281,   0.9763,-388.1596,
-398.6045,   0.8959,-388.2324,
-393.8745,   0.8242,-388.2950,
-389.1403,   0.7468,-388.3470,
-384.3999,   0.6673,-388.3831,
-379.6536,   0.5905,-388.4016,
-374.9016,   0.5173,-388.4025,
-370.1439,   0.4495,-388.3853,
-365.3803,   0.3897,-388.3525,
-360.6118,   0.3369,-388.3074,
-355.8379,   0.2909,-388.2524,
-351.0587,   0.2533,-388.1912,
-346.2741,   0.2261,-388.1270,
-341.4850,   0.2066,-388.0611,
-336.6919,   0.1876,-387.9954,
-331.8944,   0.1697,-387.9329,
-327.0922,   0.1550,-387.8742,
-322.2852,   0.1452,-387.8207,
-317.4738,   0.1395,-387.7722,
-312.6579,   0.1382,-387.7284,
-307.8378,   0.1393,-387.6880,
-303.0136,   0.1413,-387.6522,
-298.1852,   0.1437,-387.6202,
-293.3528,   0.1450,-387.5922,
-288.5161,   0.1453,-387.5671,
-283.6750,   0.1462,-387.5451,
-278.8298,   0.1473,-387.5261,
-273.9804,   0.1473,-387.5102,
-269.1268,   0.1472,-387.4978,
-264.2689,   0.1479,-387.4882,
-259.4069,   0.1481,-387.4816,
-254.5404,   0.1479,-387.4791,
-249.6696,   0.1481,-387.4800,
-244.7944,   0.1494,-387.4837,
-239.9150,   0.1522,-387.4912,
-235.0314,   0.1561,-387.5037,
-230.1437,   0.1609,-387.5207,
-225.2517,   0.1674,-387.5430,
-220.3557,   0.1753,-387.5707,
-215.4566,   0.1791,-387.6040,
-210.5537,   0.1775,-387.6433,
-205.6467,   0.1731,-387.6883,
-200.7355,   0.1684,-387.7397,
-195.8201,   0.1638,-387.7973,
-190.9007,   0.1596,-387.8615,
-185.9772,   0.1565,-387.9304,
-181.0498,   0.1543,-388.0027,
-176.1182,   0.1532,-388.0760,
-171.1826,   0.1546,-388.1473,
-166.2431,   0.1564,-388.2135,
-161.2997,   0.1570,-388.2718,
-156.3522,   0.1588,-388.3192,
-151.4013,   0.1600,-388.3542,
-146.4470,   0.1569,-388.3752,
-141.4890,   0.1509,-388.3801,
-136.5268,   0.1452,-388.3682,
-131.5606,   0.1421,-388.3394,
-126.5908,   0.1389,-388.2967,
-121.6176,   0.1343,-388.2419,
-116.6403,   0.1317,-388.1764,
-111.6588,   0.1339,-388.1027,
-106.6738,   0.1407,-388.0233,
-101.6859,   0.1443,-387.9402,
 -96.6947,   0.1433,-387.8543,
 -91.6998,   0.1404,-387.7665,
 -86.7006,   0.1406,-387.6768,
 -81.6972,   0.1474,-387.5849,
 -76.6902,   0.1568,-387.4905,
 -71.6802,   0.1652,-387.3936,
 -66.6672,   0.1707,-387.2937,
 -61.6512,   0.1710,-387.1905,
 -56.6319,   0.1669,-387.0840,
 -51.6089,   0.1609,-386.9731,
 -46.5822,   0.1559,-386.8580,
 -41.5518,   0.1510,-386.7396,
 -36.5177,   0.1458,-386.6185,
 -31.4802,   0.1408,-386.4950,
 -26.4390,   0.1366,-386.3699,
 -21.3939,   0.1355,-386.2445,
 -16.3450,   0.1384,-386.1193,
 -11.2926,   0.1448,-385.9955,
  -6.2367,   0.1534,-385.8730,
  -1.1777,   0.1618,-385.7521,
   3.8846,   0.1696,-385.6334,
   8.9499,   0.1745,-385.5172,
  14.0181,   0.1736,-385.4034,
  19.0896,   0.1675,-385.2917,
  24.1650,   0.1594,-385.1830,
  29.2441,   0.1508,-385.0768,
  34.3272,   0.1454,-384.9727,
  39.4144,   0.1461,-384.8705,
  44.5050,   0.1523,-384.7708,
  49.5991,   0.1636,-384.6738,
  54.6959,   0.1742,-384.5795,
  59.7955,   0.1818,-384.4873,
  64.8977,   0.1840,-384.3969,
  70.0029,   0.1813,-384.3087,
  75.1113,   0.1736,-384.2234,
  80.2226,   0.1624,-384.1432,
  85.3343,   0.1527,-384.0673,
  90.4433,   0.1482,-383.9989,
  95.5473,   0.1486,-383.9391,
 100.6456,   0.1488,-383.8880,
 105.7371,   0.1485,-383.8480,
 110.8212,   0.1472,-383.8175,
 115.8975,   0.1452,-383.7974,
 120.9657,   0.1427,-383.7872,
 126.0254,   0.1381,-383.7874,
 131.0768,   0.1322,-383.7960,
 136.1192,   0.1287,-383.8122,
 141.1528,   0.1289,-383.8348,
 146.1777,   0.1325,-383.8638,
 151.1936,   0.1393,-383.8977,
 156.2008,   0.1478,-383.9346,
 161.1989,   0.1566,-383.9741,
 166.1885,   0.1626,-384.0154,
 171.1693,   0.1646,-384.0592,
 176.1419,   0.1630,-384.1042,
 181.1058,   0.1625,-384.1490,
 186.0605,   0.1621,-384.1942,
 191.0069,   0.1585,-384.2397,
 195.9449,   0.1531,-384.2846,
 200.8748,   0.1475,-384.3265,
 205.7958,   0.1442,-384.3635,
 210.7076,   0.1416,-384.3924,
 215.6098,   0.1389,-384.4089,
 220.5019,   0.1372,-384.4099,
 225.3848,   0.1373,-384.3919,
 230.2587,   0.1397,-384.3539,
 235.1237,   0.1455,-384.2937,
 239.9794,   0.1529,-384.2137,
 244.8262,   0.1582,-384.1150,
 249.6640,   0.1581,-384.0005,
 254.4936,   0.1522,-383.8728,
 259.3148,   0.1463,-383.7339,
 264.1274,   0.1434,-383.5905,
 268.9317,   0.1422,-383.4459,
 273.7274,   0.1423,-383.3016,
 278.5151,   0.1435,-383.1605,
 283.2945,   0.1465,-383.0218,
 288.0660,   0.1477,-382.8837,
 292.8296,   0.1516,-382.7456,
 297.5847,   0.1577,-382.6074,
 302.3320,   0.1636,-382.4681,
 307.0710,   0.1677,-382.3282,
 311.8022,   0.1680,-382.1878,
 316.5259,   0.1653,-382.0477,
 321.2416,   0.1633,-381.9075,
 325.9492,   0.1644,-381.7682,
 330.6486,   0.1648,-381.6302,
 335.3401,   0.1618,-381.4935,
 340.0244,   0.1531,-381.3575,
 344.7015,   0.1437,-381.2251,
 349.3705,   0.1402,-381.0996,
 354.0313,   0.1425,-380.9843,
 358.6834,   0.1460,-380.8810,
 363.3275,   0.1456,-380.7937,
 367.9638,   0.1416,-380.7264,
 372.5923,   0.1357,-380.6815,
 377.2131,   0.1309,-380.6613,
 381.8257,   0.1288,-380.6661,
 386.4301,   0.1296,-380.6949,
 391.0263,   0.1340,-380.7464,
 395.6144,   0.1385,-380.8168,
 400.1947,   0.1411,-380.9033,
 404.7674,   0.1433,-381.0020,
 409.3322,   0.1469,-381.1112,
 413.8889,   0.1517,-381.2286,
 418.4382,   0.1537,-381.3486,
 422.9802,   0.1526,-381.4691,
 427.5148,   0.1499,-381.5898,
 432.0421,   0.1467,-381.7101,
 436.5621,   0.1439,-381.8296,
 441.0749,   0.1402,-381.9469,
 445.5804,   0.1378,-382.0648,
 450.0787,   0.1358,-382.1832,
 454.5697,   0.1348,-382.3005,
 459.0534,   0.1347,-382.4162,
 463.5300,   0.1356,-382.5297,
 467.9993,   0.1399,-382.6404,
 472.4615,   0.1466,-382.7467,
 476.9161,   0.1518,-382.8476,
 481.3641,   0.1536,-382.9409,
 485.8049,   0.1563,-383.0272,
 490.2385,   0.1620,-383.1041,
 494.6648,   0.1682,-383.1703,
